,BatterName,batter,IsBIP,PA_flag,IsAirPull,Air Pull / PA,Air Pull / BIP,Sample,player_name,pitcher
0,Aaron Judge,592450.0,336,555.0,47,0.085,0.14,Hitters,,
1,Aaron Schunk,668845.0,23,33.0,0,0.0,0.0,Hitters,,
2,Abraham Toro,647351.0,222,283.0,29,0.102,0.131,Hitters,,
3,Adael Amador,691182.0,89,128.0,18,0.141,0.202,Hitters,,
4,Adam Frazier,624428.0,300,396.0,50,0.126,0.167,Hitters,,
5,Addison Barger,680718.0,296,431.0,48,0.111,0.162,Hitters,,
6,Adley Rutschman,668939.0,255,348.0,41,0.118,0.161,Hitters,,
7,Adolis Garcia,666969.0,356,513.0,56,0.109,0.157,Hitters,,
8,Adrian Del Castillo,680728.0,57,94.0,11,0.117,0.193,Hitters,,
9,Agustin Ramirez,682663.0,362,496.0,56,0.113,0.155,Hitters,,
10,Akil Baddoo,668731.0,12,18.0,2,0.111,0.167,Hitters,,
11,Alan Roden,702176.0,102,153.0,8,0.052,0.078,Hitters,,
12,Alan Trejo,676701.0,35,43.0,7,0.163,0.2,Hitters,,
13,Alec Bohm,664761.0,347,455.0,24,0.053,0.069,Hitters,,
14,Alec Burleson,676475.0,371,471.0,44,0.093,0.119,Hitters,,
15,Alejandro Kirk,672386.0,354,444.0,39,0.088,0.11,Hitters,,
16,Alejandro Osuna,696030.0,71,114.0,7,0.061,0.099,Hitters,,
17,Alek Thomas,677950.0,277,410.0,27,0.066,0.097,Hitters,,
18,Alex Bregman,608324.0,306,411.0,67,0.163,0.219,Hitters,,
19,Alex Call,669743.0,205,294.0,19,0.065,0.093,Hitters,,
20,Alex Freeland,690976.0,50,97.0,9,0.093,0.18,Hitters,,
21,Alex Jackson,656577.0,45,77.0,10,0.13,0.222,Hitters,,
22,Alex Verdugo,657077.0,166,213.0,13,0.061,0.078,Hitters,,
23,Alexander Canario,672744.0,123,206.0,19,0.092,0.154,Hitters,,
24,Ali Sanchez,645305.0,17,23.0,4,0.174,0.235,Hitters,,
25,Amed Rosario,642708.0,143,176.0,18,0.102,0.126,Hitters,,
26,Andres Chaparro,665953.0,22,40.0,5,0.125,0.227,Hitters,,
27,Andres Gimenez,665926.0,226,311.0,33,0.106,0.146,Hitters,,
28,Andrew Benintendi,643217.0,327,436.0,75,0.172,0.229,Hitters,,
29,Andrew Knizner,668800.0,58,72.0,9,0.125,0.155,Hitters,,
30,Andrew McCutchen,457705.0,318,486.0,54,0.111,0.17,Hitters,,
31,Andrew Vaughn,683734.0,292,390.0,43,0.11,0.147,Hitters,,
32,Andruw Monasterio,655316.0,81,113.0,18,0.159,0.222,Hitters,,
33,Andy Ibanez,628451.0,125,157.0,28,0.178,0.224,Hitters,,
34,Andy Pages,681624.0,398,551.0,63,0.114,0.158,Hitters,,
35,Angel Martinez,682657.0,306,426.0,73,0.171,0.239,Hitters,,
36,Anthony Santander,623993.0,130,208.0,36,0.173,0.277,Hitters,,
37,Anthony Seigler,678011.0,48,73.0,5,0.068,0.104,Hitters,,
38,Anthony Volpe,683011.0,367,546.0,40,0.073,0.109,Hitters,,
39,Aramis Garcia,605244.0,1,4.0,1,0.25,1.0,Hitters,,
40,Austin Barnes,605131.0,29,44.0,6,0.136,0.207,Hitters,,
41,Austin Hays,669720.0,240,364.0,42,0.115,0.175,Hitters,,
42,Austin Hedges,595978.0,100,154.0,22,0.143,0.22,Hitters,,
43,Austin Martin,668885.0,71,99.0,9,0.091,0.127,Hitters,,
44,Austin Nola,543592.0,34,41.0,0,0.0,0.0,Hitters,,
45,Austin Riley,663586.0,289,446.0,63,0.141,0.218,Hitters,,
46,Austin Slater,596103.0,92,142.0,13,0.092,0.141,Hitters,,
47,Austin Wells,669224.0,263,394.0,46,0.117,0.175,Hitters,,
48,Austin Wynns,642851.0,73,110.0,15,0.136,0.205,Hitters,,
49,Ben Rice,700250.0,309,458.0,66,0.144,0.214,Hitters,,
50,Ben Rortvedt,666163.0,49,72.0,4,0.056,0.082,Hitters,,
51,Ben Williamson,810938.0,215,295.0,14,0.047,0.065,Hitters,,
52,Billy Cook,695257.0,5,6.0,0,0.0,0.0,Hitters,,
53,Billy McKinney,641856.0,6,8.0,0,0.0,0.0,Hitters,,
54,Blaine Crim,688760.0,5,13.0,0,0.0,0.0,Hitters,,
55,Blake Dunn,694362.0,35,75.0,3,0.04,0.086,Hitters,,
56,Blake Perkins,663368.0,81,131.0,8,0.061,0.099,Hitters,,
57,Blake Sabol,666165.0,10,18.0,1,0.056,0.1,Hitters,,
58,Blaze Alexander,677942.0,105,190.0,16,0.084,0.152,Hitters,,
59,Bo Bichette,666182.0,492,622.0,60,0.096,0.122,Hitters,,
60,Bo Naylor,666310.0,225,355.0,42,0.118,0.187,Hitters,,
61,Bobby Dalbec,666915.0,12,21.0,1,0.048,0.083,Hitters,,
62,Bobby Seymour,676044.0,24,42.0,3,0.071,0.125,Hitters,,
63,Bobby Witt Jr.,677951.0,439,597.0,62,0.104,0.141,Hitters,,
64,Brady House,691781.0,150,216.0,17,0.079,0.113,Hitters,,
65,Brandon Lockridge,663604.0,103,148.0,6,0.041,0.058,Hitters,,
66,Brandon Lowe,664040.0,323,484.0,62,0.128,0.192,Hitters,,
67,Brandon Marsh,669016.0,237,364.0,32,0.088,0.135,Hitters,,
68,Brandon Nimmo,607043.0,393,562.0,43,0.077,0.109,Hitters,,
69,Braxton Fulford,690924.0,61,95.0,12,0.126,0.197,Hitters,,
70,Brayan Rocchio,677587.0,221,307.0,36,0.117,0.163,Hitters,,
71,Brendan Donovan,680977.0,366,473.0,47,0.099,0.128,Hitters,,
72,Brendan Rodgers,663898.0,70,128.0,12,0.094,0.171,Hitters,,
73,Brent Rooker,667670.0,421,612.0,83,0.136,0.197,Hitters,,
74,Brenton Doyle,686668.0,326,472.0,55,0.117,0.169,Hitters,,
75,Brett Baty,683146.0,258,383.0,30,0.078,0.116,Hitters,,
76,Brett Harris,695391.0,33,47.0,4,0.085,0.121,Hitters,,
77,Brett Sullivan,664954.0,4,9.0,1,0.111,0.25,Hitters,,
78,Brett Wisely,689172.0,40,54.0,8,0.148,0.2,Hitters,,
79,Brewer Hicklen,676551.0,2,4.0,0,0.0,0.0,Hitters,,
80,Brian Navarreto,640459.0,1,1.0,0,0.0,0.0,Hitters,,
81,Brice Matthews,694728.0,19,40.0,5,0.125,0.263,Hitters,,
82,Brice Turang,668930.0,392,573.0,24,0.042,0.061,Hitters,,
83,Brooks Baldwin,681460.0,192,285.0,28,0.098,0.146,Hitters,,
84,Brooks Lee,686797.0,344,455.0,46,0.101,0.134,Hitters,,
85,Bryan De La Cruz,650559.0,29,50.0,4,0.08,0.138,Hitters,,
86,Bryan Ramos,682868.0,5,9.0,0,0.0,0.0,Hitters,,
87,Bryan Reynolds,668804.0,366,574.0,49,0.085,0.134,Hitters,,
88,Bryce Harper,547180.0,330,492.0,45,0.091,0.136,Hitters,,
89,Bryce Johnson,669369.0,44,64.0,5,0.078,0.114,Hitters,,
90,Bryce Teodosio,669326.0,56,90.0,4,0.044,0.071,Hitters,,
91,Bryson Stott,681082.0,356,484.0,44,0.091,0.124,Hitters,,
92,Buddy Kennedy,671083.0,21,32.0,7,0.219,0.333,Hitters,,
93,Byron Buxton,621439.0,299,456.0,73,0.16,0.244,Hitters,,
94,C.J. Abrams,682928.0,402,547.0,63,0.115,0.157,Hitters,,
95,C.J. Kayfus,692216.0,57,90.0,10,0.111,0.175,Hitters,,
96,C.J. Stubbs,667690.0,3,3.0,0,0.0,0.0,Hitters,,
97,CJ Alexander,680769.0,9,17.0,5,0.294,0.556,Hitters,,
98,Cal Raleigh,663728.0,356,594.0,117,0.197,0.329,Hitters,,
99,Cal Stevenson,670276.0,6,8.0,0,0.0,0.0,Hitters,,
100,Caleb Durbin,702332.0,343,428.0,53,0.124,0.155,Hitters,,
101,Cam Devanney,687478.0,5,15.0,2,0.133,0.4,Hitters,,
102,Cam Smith,701358.0,290,462.0,28,0.061,0.097,Hitters,,
103,Carlos Correa,621043.0,370,503.0,51,0.101,0.138,Hitters,,
104,Carlos Cortes,666126.0,45,64.0,4,0.062,0.089,Hitters,,
105,Carlos Narvaez,665966.0,256,388.0,39,0.101,0.152,Hitters,,
106,Carlos Santana,467793.0,317,459.0,65,0.142,0.205,Hitters,,
107,Carson Kelly,608348.0,252,358.0,55,0.154,0.218,Hitters,,
108,Carson McCusker,676812.0,4,9.0,1,0.111,0.25,Hitters,,
109,Carson Williams,700246.0,24,43.0,3,0.07,0.125,Hitters,,
110,Carter Jensen,695600.0,1,4.0,0,0.0,0.0,Hitters,,
111,Casey Schmitt,669477.0,190,285.0,47,0.165,0.247,Hitters,,
112,Cavan Biggio,624415.0,50,82.0,12,0.146,0.24,Hitters,,
113,Ceddanne Rafaela,678882.0,386,514.0,55,0.107,0.142,Hitters,,
114,Cedric Mullins II,656775.0,299,457.0,72,0.158,0.241,Hitters,,
115,Cesar Prieto,693409.0,1,6.0,0,0.0,0.0,Hitters,,
116,Cesar Salazar,663967.0,11,16.0,1,0.062,0.091,Hitters,,
117,Chad Stevens,677060.0,7,14.0,0,0.0,0.0,Hitters,,
118,Chadwick Tromp,644433.0,15,22.0,2,0.091,0.133,Hitters,,
119,Chandler Simpson,802415.0,307,364.0,16,0.044,0.052,Hitters,,
120,Chas McCormick,676801.0,75,116.0,14,0.121,0.187,Hitters,,
121,Chase Meidroth,805367.0,320,422.0,33,0.078,0.103,Hitters,,
122,Chris Taylor,621035.0,51,89.0,9,0.101,0.176,Hitters,,
123,Christian Encarnacion-Strand,687952.0,100,137.0,19,0.139,0.19,Hitters,,
124,Christian Koss,683766.0,115,166.0,14,0.084,0.122,Hitters,,
125,Christian Moore,695681.0,74,130.0,4,0.031,0.054,Hitters,,
126,Christian Vazquez,543877.0,147,199.0,24,0.121,0.163,Hitters,,
127,Christian Walker,572233.0,362,564.0,64,0.113,0.177,Hitters,,
128,Christian Yelich,592885.0,352,560.0,25,0.045,0.071,Hitters,,
129,Christopher Morel,666624.0,146,263.0,32,0.122,0.219,Hitters,,
130,Coby Mayo,691723.0,139,225.0,27,0.12,0.194,Hitters,,
131,Coco Montes,663796.0,7,10.0,0,0.0,0.0,Hitters,,
132,Cody Bellinger,641355.0,445,562.0,96,0.171,0.216,Hitters,,
133,Cody Freeman,683227.0,48,56.0,6,0.107,0.125,Hitters,,
134,Colby Thomas,687515.0,52,89.0,9,0.101,0.173,Hitters,,
135,Cole Young,702284.0,168,240.0,31,0.129,0.185,Hitters,,
136,Colin Rea,607067.0,0,1.0,0,0.0,,Hitters,,
137,Colson Montgomery,695657.0,130,203.0,29,0.143,0.223,Hitters,,
138,Colt Keith,690993.0,295,437.0,42,0.096,0.142,Hitters,,
139,Colton Cowser,681297.0,169,293.0,21,0.072,0.124,Hitters,,
140,Connor Joe,656582.0,52,80.0,7,0.088,0.135,Hitters,,
141,Connor Kaiser,663731.0,12,15.0,0,0.0,0.0,Hitters,,
142,Connor Norby,681393.0,196,295.0,39,0.132,0.199,Hitters,,
143,Connor Wong,657136.0,114,166.0,9,0.054,0.079,Hitters,,
144,Cooper Hummel,669450.0,58,105.0,7,0.067,0.121,Hitters,,
145,Corbin Carroll,682998.0,364,559.0,69,0.123,0.19,Hitters,,
146,Corey Julks,667452.0,6,8.0,1,0.125,0.167,Hitters,,
147,Corey Seager,608369.0,295,435.0,27,0.062,0.092,Hitters,,
148,Curtis Mead,678554.0,150,226.0,18,0.08,0.12,Hitters,,
149,D.J. LeMahieu,518934.0,93,142.0,2,0.014,0.022,Hitters,,
150,DaShawn Keirsey Jr.,680577.0,50,85.0,3,0.035,0.06,Hitters,,
151,Dairon Blanco,680118.0,6,8.0,0,0.0,0.0,Hitters,,
152,Dalton Rushing,687221.0,71,134.0,19,0.142,0.268,Hitters,,
153,Dane Myers,667472.0,218,317.0,20,0.063,0.092,Hitters,,
154,Daniel Johnson,669288.0,39,55.0,5,0.091,0.128,Hitters,,
155,Daniel Schneemann,682177.0,228,364.0,31,0.085,0.136,Hitters,,
156,Danny Jansen,643376.0,185,303.0,46,0.152,0.249,Hitters,,
157,Dansby Swanson,621020.0,377,563.0,63,0.112,0.167,Hitters,,
158,Darell Hernaiz,687231.0,100,130.0,8,0.062,0.08,Hitters,,
159,Daulton Varsho,662139.0,127,201.0,28,0.139,0.22,Hitters,,
160,David Banuelos,675915.0,0,2.0,0,0.0,,Hitters,,
161,David Fry,681807.0,79,140.0,17,0.121,0.215,Hitters,,
162,David Hamilton,666152.0,119,170.0,19,0.112,0.16,Hitters,,
163,David Villar,681584.0,15,25.0,1,0.04,0.067,Hitters,,
164,Davis Schneider,676914.0,100,178.0,31,0.174,0.31,Hitters,,
165,Daylen Lile,695734.0,205,267.0,35,0.131,0.171,Hitters,,
166,Daz Cameron,663662.0,28,42.0,4,0.095,0.143,Hitters,,
167,Denzel Clarke,672016.0,89,159.0,6,0.038,0.067,Hitters,,
168,Derek Hill,656537.0,84,141.0,13,0.092,0.155,Hitters,,
169,Dillon Dingler,693307.0,281,400.0,54,0.135,0.192,Hitters,,
170,Dom Nunez,624513.0,3,7.0,0,0.0,0.0,Hitters,,
171,Dominic Canzone,686527.0,153,219.0,24,0.11,0.157,Hitters,,
172,Dominic Fletcher,666150.0,4,4.0,1,0.25,0.25,Hitters,,
173,Dominic Smith,642086.0,153,209.0,22,0.105,0.144,Hitters,,
174,Donovan Solano,456781.0,127,176.0,18,0.102,0.142,Hitters,,
175,Drake Baldwin,686948.0,270,362.0,33,0.091,0.122,Hitters,,
176,Drew Avans,682183.0,12,18.0,1,0.056,0.083,Hitters,,
177,Drew Gilbert,687551.0,43,56.0,9,0.161,0.209,Hitters,,
178,Drew Millas,686452.0,43,55.0,5,0.091,0.116,Hitters,,
179,Drew Waters,671221.0,146,219.0,20,0.091,0.137,Hitters,,
180,Dustin Harris,687957.0,25,39.0,5,0.128,0.2,Hitters,,
181,Dylan Beavers,687637.0,35,65.0,7,0.108,0.2,Hitters,,
182,Dylan Carlson,666185.0,147,215.0,23,0.107,0.156,Hitters,,
183,Dylan Crews,686611.0,156,244.0,14,0.057,0.09,Hitters,,
184,Dylan Moore,664238.0,126,222.0,26,0.117,0.206,Hitters,,
185,Eddie Rosario,592696.0,6,8.0,0,0.0,0.0,Hitters,,
186,Edgar Quero,700337.0,250,338.0,17,0.05,0.068,Hitters,,
187,Edmundo Sosa,624641.0,167,230.0,23,0.1,0.138,Hitters,,
188,Edouard Julien,666397.0,97,166.0,9,0.054,0.093,Hitters,,
189,Eli White,642201.0,180,258.0,21,0.081,0.117,Hitters,,
190,Elias Diaz,553869.0,174,265.0,28,0.106,0.161,Hitters,,
191,Elly De La Cruz,682829.0,396,604.0,36,0.06,0.091,Hitters,,
192,Emmanuel Rivera,656896.0,77,103.0,7,0.068,0.091,Hitters,,
193,Endy Rodriguez,682848.0,38,57.0,8,0.14,0.211,Hitters,,
194,Enmanuel Valdez,665839.0,75,102.0,13,0.127,0.173,Hitters,,
195,Enrique Hernandez,571771.0,138,209.0,28,0.134,0.203,Hitters,,
196,Eric Haase,606992.0,40,77.0,5,0.065,0.125,Hitters,,
197,Eric Wagaman,676572.0,336,462.0,49,0.106,0.146,Hitters,,
198,Ernie Clement,676391.0,433,514.0,83,0.161,0.192,Hitters,,
199,Esteury Ruiz,665923.0,13,23.0,0,0.0,0.0,Hitters,,
200,Eugenio Suarez,553993.0,349,564.0,91,0.161,0.261,Hitters,,
201,Evan Carter,694497.0,153,219.0,26,0.119,0.17,Hitters,,
202,Everson Pereira,677592.0,23,49.0,5,0.102,0.217,Hitters,,
203,Ezequiel Duran,677649.0,124,179.0,13,0.073,0.105,Hitters,,
204,Ezequiel Tovar,678662.0,218,308.0,39,0.127,0.179,Hitters,,
205,Fernando Tatis Jr.,665487.0,413,606.0,42,0.069,0.102,Hitters,,
206,Francisco Alvarez,682626.0,133,213.0,10,0.047,0.075,Hitters,,
207,Francisco Lindor,596019.0,450,635.0,82,0.129,0.182,Hitters,,
208,Freddie Freeman,518692.0,370,534.0,65,0.122,0.176,Hitters,,
209,Freddy Fermin,666023.0,219,290.0,20,0.069,0.091,Hitters,,
210,Gabriel Arias,672356.0,233,398.0,25,0.063,0.107,Hitters,,
211,Gabriel Moreno,672515.0,175,233.0,19,0.082,0.109,Hitters,,
212,Gage Workman,669398.0,9,17.0,1,0.059,0.111,Hitters,,
213,Garrett Hampson,641658.0,51,91.0,7,0.077,0.137,Hitters,,
214,Garrett Mitchell,669003.0,45,78.0,4,0.051,0.089,Hitters,,
215,Gary Sanchez,596142.0,65,101.0,14,0.139,0.215,Hitters,,
216,Gavin Lux,666158.0,288,437.0,45,0.103,0.156,Hitters,,
217,Gavin Sheets,657757.0,329,461.0,70,0.152,0.213,Hitters,,
218,George Springer,543807.0,328,489.0,55,0.112,0.168,Hitters,,
219,George Valera,671655.0,4,5.0,1,0.2,0.25,Hitters,,
220,Geraldo Perdomo,672695.0,467,625.0,70,0.112,0.15,Hitters,,
221,Giancarlo Stanton,519317.0,123,210.0,24,0.114,0.195,Hitters,,
222,Gio Urshela,570482.0,144,197.0,17,0.086,0.118,Hitters,,
223,Gleyber Torres,650402.0,386,544.0,50,0.092,0.13,Hitters,,
224,Graham Pauley,688363.0,110,159.0,18,0.113,0.164,Hitters,,
225,Grant McCray,687529.0,11,21.0,3,0.143,0.273,Hitters,,
226,Greg Allen,656185.0,9,14.0,0,0.0,0.0,Hitters,,
227,Greg Jones,675659.0,0,2.0,0,0.0,,Hitters,,
228,Griffin Conine,665052.0,45,71.0,4,0.056,0.089,Hitters,,
229,Gunnar Henderson,683002.0,384,557.0,44,0.079,0.115,Hitters,,
230,Gustavo Campero,672569.0,44,66.0,6,0.091,0.136,Hitters,,
231,Ha-Seong Kim,673490.0,70,105.0,17,0.162,0.243,Hitters,,
232,Harrison Bader,664056.0,258,411.0,54,0.131,0.209,Hitters,,
233,Harry Ford,695670.0,0,1.0,0,0.0,,Hitters,,
234,Hayden Senger,663584.0,50,75.0,5,0.067,0.1,Hitters,,
235,Heliot Ramos,671218.0,408,605.0,44,0.073,0.108,Hitters,,
236,Henry Davis,680779.0,154,244.0,33,0.135,0.214,Hitters,,
237,Heriberto Hernandez,681715.0,138,218.0,28,0.128,0.203,Hitters,,
238,Heston Kjerstad,677008.0,112,167.0,10,0.06,0.089,Hitters,,
239,Hunter Feduccia,676439.0,41,68.0,3,0.044,0.073,Hitters,,
240,Hunter Goodman,696100.0,334,498.0,62,0.124,0.186,Hitters,,
241,Hunter Renfroe,592669.0,79,108.0,12,0.111,0.152,Hitters,,
242,Hyeseong Kim,808975.0,101,152.0,10,0.066,0.099,Hitters,,
243,Ian Happ,664023.0,369,570.0,64,0.112,0.173,Hitters,,
244,Ildemaro Vargas,545121.0,53,65.0,8,0.123,0.151,Hitters,,
245,Isaac Collins,686555.0,257,397.0,46,0.116,0.179,Hitters,,
246,Isaac Paredes,670623.0,286,409.0,92,0.225,0.322,Hitters,,
247,Isiah Kiner-Falefa,643396.0,340,432.0,30,0.069,0.088,Hitters,,
248,Ivan Herrera,671056.0,249,362.0,24,0.066,0.096,Hitters,,
249,J.C. Escarra,641555.0,72,98.0,12,0.122,0.167,Hitters,,
250,J.D. Davis,605204.0,6,9.0,0,0.0,0.0,Hitters,,
251,J.P. Crawford,641487.0,401,577.0,54,0.094,0.135,Hitters,,
252,J.T. Realmuto,592663.0,328,481.0,38,0.079,0.116,Hitters,,
253,JJ Bleday,668709.0,194,308.0,41,0.133,0.211,Hitters,,
254,Jac Caglianone,695506.0,118,167.0,10,0.06,0.085,Hitters,,
255,Jace Jung,690291.0,30,53.0,4,0.075,0.133,Hitters,,
256,Jack Leiter,683004.0,0,1.0,0,0.0,,Hitters,,
257,Jack Suwinski,669261.0,76,145.0,15,0.103,0.197,Hitters,,
258,Jack Winkler,676466.0,9,13.0,2,0.154,0.222,Hitters,,
259,Jackson Chourio,694192.0,371,498.0,45,0.09,0.121,Hitters,,
260,Jackson Holliday,702616.0,397,575.0,34,0.059,0.086,Hitters,,
261,Jackson Merrill,701538.0,280,396.0,28,0.071,0.1,Hitters,,
262,Jacob Amaya,676070.0,54,73.0,3,0.041,0.056,Hitters,,
263,Jacob Hurtubise,674441.0,6,15.0,1,0.067,0.167,Hitters,,
264,Jacob Melton,689200.0,39,74.0,1,0.014,0.026,Hitters,,
265,Jacob Stallings,607732.0,80,129.0,12,0.093,0.15,Hitters,,
266,Jacob Wilson,805779.0,388,447.0,51,0.114,0.131,Hitters,,
267,Jacob Young,696285.0,243,326.0,14,0.043,0.058,Hitters,,
268,Jahmai Jones,663330.0,78,117.0,13,0.111,0.167,Hitters,,
269,Jake Bauers,641343.0,92,169.0,12,0.071,0.13,Hitters,,
270,Jake Burger,669394.0,228,320.0,28,0.088,0.123,Hitters,,
271,Jake Cronenworth,630105.0,276,442.0,40,0.09,0.145,Hitters,,
272,Jake Fraley,641584.0,139,210.0,32,0.152,0.23,Hitters,,
273,Jake Mangum,663968.0,292,361.0,14,0.039,0.048,Hitters,,
274,Jake McCarthy,664983.0,122,166.0,14,0.084,0.115,Hitters,,
275,Jake Meyers,676694.0,235,322.0,22,0.068,0.094,Hitters,,
276,Jake Rogers,668670.0,78,127.0,13,0.102,0.167,Hitters,,
277,Jakob Marsee,805300.0,90,138.0,10,0.072,0.111,Hitters,,
278,James McCann,543510.0,64,98.0,4,0.041,0.062,Hitters,,
279,James Outman,681546.0,49,97.0,6,0.062,0.122,Hitters,,
280,James Wood,695578.0,336,598.0,34,0.057,0.101,Hitters,,
281,Jared Triolo,669707.0,198,285.0,25,0.088,0.126,Hitters,,
282,Jared Young,676724.0,27,45.0,3,0.067,0.111,Hitters,,
283,Jarred Kelenic,672284.0,37,65.0,5,0.077,0.135,Hitters,,
284,Jarren Duran,680776.0,400,611.0,47,0.077,0.118,Hitters,,
285,Jason Heyward,518792.0,68,95.0,10,0.105,0.147,Hitters,,
286,Jasson Dominguez,691176.0,258,411.0,27,0.066,0.105,Hitters,,
287,Javier Baez,595879.0,281,397.0,46,0.116,0.164,Hitters,,
288,Javier Sanoja,691594.0,239,293.0,34,0.116,0.142,Hitters,,
289,Jazz Chisholm,665862.0,266,451.0,53,0.118,0.199,Hitters,,
290,Jeff McNeil,643446.0,304,391.0,68,0.174,0.224,Hitters,,
291,Jeimer Candelario,600869.0,53,91.0,10,0.11,0.189,Hitters,,
292,Jerar Encarnacion,666464.0,23,30.0,4,0.133,0.174,Hitters,,
293,Jeremiah Jackson,669236.0,84,115.0,6,0.052,0.071,Hitters,,
294,Jeremy Pena,665161.0,361,485.0,64,0.132,0.177,Hitters,,
295,Jesse Winker,608385.0,51,79.0,13,0.165,0.255,Hitters,,
296,Jesus Sanchez,660821.0,311,440.0,39,0.089,0.125,Hitters,,
297,Jhonkensy Noel,678877.0,85,128.0,19,0.148,0.224,Hitters,,
298,Jhonny Pereda,640902.0,29,49.0,4,0.082,0.138,Hitters,,
299,Jhostynxon Garcia,691373.0,2,9.0,1,0.111,0.5,Hitters,,
300,Ji Hwan Bae,678225.0,6,12.0,0,0.0,0.0,Hitters,,
301,Jimmy Crooks III,699625.0,7,11.0,2,0.182,0.286,Hitters,,
302,Jo Adell,666176.0,330,504.0,53,0.105,0.161,Hitters,,
303,Joc Pederson,592626.0,162,245.0,32,0.131,0.198,Hitters,,
304,Joey Bart,663698.0,173,296.0,23,0.078,0.133,Hitters,,
305,Joey Loperfido,694388.0,59,89.0,9,0.101,0.153,Hitters,,
306,Joey Ortiz,687401.0,353,448.0,33,0.074,0.093,Hitters,,
307,Joey Wiemer,686894.0,17,33.0,3,0.091,0.176,Hitters,,
308,Johan Rojas,679032.0,119,172.0,11,0.064,0.092,Hitters,,
309,John Rave,670231.0,99,156.0,12,0.077,0.121,Hitters,,
310,Johnathan Rodriguez,671286.0,44,70.0,4,0.057,0.091,Hitters,,
311,Jon Berti,542932.0,78,107.0,5,0.047,0.064,Hitters,,
312,Jon Singleton,572138.0,8,9.0,0,0.0,0.0,Hitters,,
313,Jonah Bride,681146.0,74,124.0,12,0.097,0.162,Hitters,,
314,Jonah Heim,641680.0,275,382.0,41,0.107,0.149,Hitters,,
315,Jonatan Clase,682729.0,73,112.0,9,0.08,0.123,Hitters,,
316,Jonathan Aranda,666018.0,259,406.0,53,0.131,0.205,Hitters,,
317,Jonathan India,663697.0,374,531.0,69,0.13,0.184,Hitters,,
318,Jonathan Ornelas,680716.0,6,10.0,0,0.0,0.0,Hitters,,
319,Jonny DeLuca,676356.0,44,59.0,9,0.153,0.205,Hitters,,
320,Jorbit Vivas,678391.0,43,66.0,5,0.076,0.116,Hitters,,
321,Jordan Beck,687597.0,317,508.0,50,0.098,0.158,Hitters,,
322,Jordan Lawlar,691783.0,21,40.0,5,0.125,0.238,Hitters,,
323,Jordan Walker,691023.0,205,335.0,20,0.06,0.098,Hitters,,
324,Jordan Westburg,676059.0,217,303.0,21,0.069,0.097,Hitters,,
325,Jordyn Adams,677941.0,3,5.0,0,0.0,0.0,Hitters,,
326,Jorge Alfaro,595751.0,3,4.0,1,0.25,0.333,Hitters,,
327,Jorge Barrosa,678489.0,34,48.0,7,0.146,0.206,Hitters,,
328,Jorge Mateo,622761.0,38,65.0,4,0.062,0.105,Hitters,,
329,Jorge Polanco,593871.0,336,444.0,65,0.146,0.193,Hitters,,
330,Jorge Soler,624585.0,188,315.0,29,0.092,0.154,Hitters,,
331,Jose Altuve,514888.0,441,583.0,89,0.153,0.202,Hitters,,
332,Jose Azocar,640492.0,18,21.0,0,0.0,0.0,Hitters,,
333,Jose Barrero,676480.0,20,31.0,5,0.161,0.25,Hitters,,
334,Jose Caballero,676609.0,195,324.0,30,0.093,0.154,Hitters,,
335,Jose Fermin,665877.0,28,35.0,6,0.171,0.214,Hitters,,
336,Jose Herrera,645444.0,133,204.0,16,0.078,0.12,Hitters,,
337,Jose Iglesias,578428.0,230,310.0,18,0.058,0.078,Hitters,,
338,Jose Miranda,669304.0,23,36.0,6,0.167,0.261,Hitters,,
339,Jose Ramirez,608070.0,455,559.0,115,0.206,0.253,Hitters,,
340,Jose Siri,642350.0,12,24.0,1,0.042,0.083,Hitters,,
341,Jose Tena,677588.0,116,169.0,6,0.036,0.052,Hitters,,
342,Jose Trevino,624431.0,227,276.0,47,0.17,0.207,Hitters,,
343,Josh Bell,605137.0,334,469.0,51,0.109,0.153,Hitters,,
344,Josh Jung,673962.0,292,429.0,35,0.082,0.12,Hitters,,
345,Josh Lowe,666139.0,253,368.0,31,0.084,0.123,Hitters,,
346,Josh Naylor,647304.0,404,525.0,67,0.128,0.166,Hitters,,
347,Josh Palacios,641943.0,93,145.0,12,0.083,0.129,Hitters,,
348,Josh Rojas,668942.0,144,211.0,19,0.09,0.132,Hitters,,
349,Josh Smith,669701.0,368,507.0,44,0.087,0.12,Hitters,,
350,Juan Soto,665742.0,383,609.0,50,0.082,0.131,Hitters,,
351,Julio Rodriguez,677594.0,439,621.0,48,0.077,0.109,Hitters,,
352,Jung Hoo Lee,808982.0,440,550.0,57,0.104,0.13,Hitters,,
353,Junior Caminero,691406.0,426,572.0,79,0.138,0.185,Hitters,,
354,Jurickson Profar,595777.0,193,274.0,35,0.128,0.181,Hitters,,
355,Justin Dean,681909.0,1,2.0,0,0.0,0.0,Hitters,,
356,Justin Foscue,679822.0,6,9.0,2,0.222,0.333,Hitters,,
357,Justin Turner,457759.0,125,169.0,18,0.107,0.144,Hitters,,
358,Justyn-Henry Malloy,669234.0,69,121.0,13,0.107,0.188,Hitters,,
359,Kameron Misner,670224.0,131,217.0,19,0.088,0.145,Hitters,,
360,Ke'Bryan Hayes,663647.0,374,508.0,25,0.049,0.067,Hitters,,
361,Keibert Ruiz,660688.0,230,267.0,31,0.116,0.135,Hitters,,
362,Kenedy Corona,685744.0,1,4.0,0,0.0,0.0,Hitters,,
363,Kerry Carpenter,681481.0,289,405.0,68,0.168,0.235,Hitters,,
364,Keston Hiura,669374.0,11,21.0,3,0.143,0.273,Hitters,,
365,Ketel Marte,606466.0,334,468.0,62,0.132,0.186,Hitters,,
366,Kevin Alcantara,682634.0,1,3.0,0,0.0,0.0,Hitters,,
367,Kevin Newman,621028.0,92,116.0,12,0.103,0.13,Hitters,,
368,Kevin Pillar,607680.0,35,43.0,7,0.163,0.2,Hitters,,
369,Kody Clemens,665019.0,217,316.0,40,0.127,0.184,Hitters,,
370,Korey Lee,686676.0,28,37.0,4,0.108,0.143,Hitters,,
371,Kris Bryant,592178.0,26,41.0,6,0.146,0.231,Hitters,,
372,Kristian Campbell,692225.0,158,263.0,13,0.049,0.082,Hitters,,
373,Kyle Farmer,571657.0,201,280.0,26,0.093,0.129,Hitters,,
374,Kyle Higashioka,543309.0,210,288.0,48,0.167,0.229,Hitters,,
375,Kyle Isbel,664728.0,288,380.0,32,0.084,0.111,Hitters,,
376,Kyle Karros,691720.0,64,95.0,13,0.137,0.203,Hitters,,
377,Kyle Manzardo,700932.0,285,450.0,55,0.122,0.193,Hitters,,
378,Kyle Schwarber,656941.0,359,623.0,83,0.133,0.231,Hitters,,
379,Kyle Stowers,669065.0,279,454.0,56,0.123,0.201,Hitters,,
380,Kyle Teel,691019.0,146,229.0,32,0.14,0.219,Hitters,,
381,Kyle Tucker,663656.0,407,578.0,84,0.145,0.206,Hitters,,
382,Kyren Paris,677347.0,67,140.0,11,0.079,0.164,Hitters,,
383,LaMonte Wade Jr.,664774.0,154,241.0,26,0.108,0.169,Hitters,,
384,Lane Thomas,657041.0,83,142.0,13,0.092,0.157,Hitters,,
385,Lars Nootbaar,663457.0,340,501.0,48,0.096,0.141,Hitters,,
386,Lawrence Butler,671732.0,349,561.0,33,0.059,0.095,Hitters,,
387,Lenyn Sosa,672820.0,348,477.0,61,0.128,0.175,Hitters,,
388,Leo Jimenez,677870.0,22,31.0,2,0.065,0.091,Hitters,,
389,Leo Rivas,660844.0,48,78.0,6,0.077,0.125,Hitters,,
390,Leody Taveras,665750.0,125,179.0,15,0.084,0.12,Hitters,,
391,Liam Hicks,689414.0,241,336.0,31,0.092,0.129,Hitters,,
392,Liover Peguero,678894.0,50,80.0,8,0.1,0.16,Hitters,,
393,Logan Davidson,669722.0,9,25.0,1,0.04,0.111,Hitters,,
394,Logan O'Hoppe,681351.0,256,409.0,47,0.115,0.184,Hitters,,
395,Logan Porter,682515.0,5,9.0,0,0.0,0.0,Hitters,,
396,Lourdes Gurriel Jr.,666971.0,433,545.0,75,0.138,0.173,Hitters,,
397,Luis Arraez,650333.0,546,593.0,57,0.096,0.104,Hitters,,
398,Luis Campusano,669134.0,10,27.0,1,0.037,0.1,Hitters,,
399,Luis Garcia,671277.0,367,464.0,42,0.091,0.114,Hitters,,
400,Luis Guillorme,641645.0,12,21.0,2,0.095,0.167,Hitters,,
401,Luis Matos,682641.0,135,169.0,21,0.124,0.156,Hitters,,
402,Luis Rengifo,650859.0,363,487.0,38,0.078,0.105,Hitters,,
403,Luis Robert,673357.0,274,428.0,49,0.114,0.179,Hitters,,
404,Luis Torrens,620443.0,190,264.0,20,0.076,0.105,Hitters,,
405,Luis Urias,649966.0,245,330.0,39,0.118,0.159,Hitters,,
406,Luis Vazquez,676679.0,32,46.0,3,0.065,0.094,Hitters,,
407,Luisangel Acuna,682668.0,133,181.0,4,0.022,0.03,Hitters,,
408,Luke Keaschall,807712.0,108,145.0,15,0.103,0.139,Hitters,,
409,Luke Maile,571912.0,26,43.0,3,0.07,0.115,Hitters,,
410,Luke Raley,670042.0,107,191.0,14,0.073,0.131,Hitters,,
411,Luke Williams,663897.0,22,33.0,4,0.121,0.182,Hitters,,
412,Luken Baker,663609.0,24,41.0,4,0.098,0.167,Hitters,,
413,MJ Melendez,669004.0,37,65.0,10,0.154,0.27,Hitters,,
414,Maikel Garcia,672580.0,449,577.0,59,0.102,0.131,Hitters,,
415,Manny Machado,592518.0,438,598.0,71,0.119,0.162,Hitters,,
416,Manuel Margot,622534.0,14,20.0,3,0.15,0.214,Hitters,,
417,Marcell Ozuna,542303.0,312,525.0,51,0.097,0.163,Hitters,,
418,Marcelo Mayer,691785.0,87,136.0,10,0.074,0.115,Hitters,,
419,Marcus Semien,543760.0,386,534.0,77,0.144,0.199,Hitters,,
420,Mark Canha,592192.0,91,125.0,13,0.104,0.143,Hitters,,
421,Mark Vientos,668901.0,275,396.0,35,0.088,0.127,Hitters,,
422,Martin Maldonado,455117.0,96,161.0,17,0.106,0.177,Hitters,,
423,Masataka Yoshida,807799.0,102,132.0,18,0.136,0.176,Hitters,,
424,Mason McCoy,669200.0,4,9.0,1,0.111,0.25,Hitters,,
425,Masyn Winn,691026.0,387,526.0,67,0.127,0.173,Hitters,,
426,Matt Chapman,656305.0,277,452.0,40,0.088,0.144,Hitters,,
427,Matt Gorski,685301.0,25,42.0,5,0.119,0.2,Hitters,,
428,Matt McLain,680574.0,315,505.0,33,0.065,0.105,Hitters,,
429,Matt Mervis,670223.0,71,133.0,17,0.128,0.239,Hitters,,
430,Matt Olson,621566.0,388,629.0,47,0.075,0.121,Hitters,,
431,Matt Shaw,807713.0,259,368.0,49,0.133,0.189,Hitters,,
432,Matt Thaiss,642136.0,112,190.0,17,0.089,0.152,Hitters,,
433,Matt Vierling,663837.0,66,100.0,4,0.04,0.061,Hitters,,
434,Matt Wallner,670242.0,203,355.0,45,0.127,0.222,Hitters,,
435,Matthew Lugo,683090.0,37,60.0,7,0.117,0.189,Hitters,,
436,Mauricio Dubon,643289.0,297,357.0,39,0.109,0.131,Hitters,,
437,Maverick Handley,668974.0,26,47.0,4,0.085,0.154,Hitters,,
438,Max Kepler,596146.0,298,419.0,52,0.124,0.174,Hitters,,
439,Max Muncy,571970.0,211,346.0,55,0.159,0.261,Hitters,,
440,Max Schuemann,680474.0,131,188.0,9,0.048,0.069,Hitters,,
441,Maximo Acosta,691185.0,21,30.0,2,0.067,0.095,Hitters,,
442,Maxwell Muncy,691777.0,136,213.0,22,0.103,0.162,Hitters,,
443,Michael A. Taylor,572191.0,170,286.0,24,0.084,0.141,Hitters,,
444,Michael Busch,683737.0,335,510.0,55,0.108,0.164,Hitters,,
445,Michael Conforto,624424.0,262,427.0,38,0.089,0.145,Hitters,,
446,Michael Harris II,671739.0,429,560.0,41,0.073,0.096,Hitters,,
447,Michael Helman,680737.0,37,49.0,12,0.245,0.324,Hitters,,
448,Michael Massey,686681.0,193,237.0,32,0.135,0.166,Hitters,,
449,Michael Stefanic,683021.0,19,25.0,2,0.08,0.105,Hitters,,
450,Michael Toglia,669911.0,175,327.0,32,0.098,0.183,Hitters,,
451,Mickey Gasper,681508.0,57,86.0,7,0.081,0.123,Hitters,,
452,Mickey Moniak,666160.0,279,393.0,60,0.153,0.215,Hitters,,
453,Miguel Amaya,665804.0,76,103.0,19,0.184,0.25,Hitters,,
454,Miguel Andujar,609280.0,247,306.0,30,0.098,0.121,Hitters,,
455,Miguel Rojas,500743.0,200,254.0,32,0.126,0.16,Hitters,,
456,Miguel Vargas,678246.0,363,502.0,77,0.153,0.212,Hitters,,
457,Mike Siani,672279.0,10,19.0,1,0.053,0.1,Hitters,,
458,Mike Tauchman,643565.0,221,342.0,37,0.108,0.167,Hitters,,
459,Mike Trout,545361.0,242,464.0,43,0.093,0.178,Hitters,,
460,Mike Yastrzemski,573262.0,322,479.0,66,0.138,0.205,Hitters,,
461,Miles Mastrobuoni,670156.0,127,172.0,11,0.064,0.087,Hitters,,
462,Mitch Garver,641598.0,153,258.0,33,0.128,0.216,Hitters,,
463,Moises Ballesteros,694208.0,17,20.0,2,0.1,0.118,Hitters,,
464,Mookie Betts,605141.0,458,570.0,88,0.154,0.192,Hitters,,
465,Myles Straw,664702.0,209,270.0,28,0.104,0.134,Hitters,,
466,Nacho Alvarez,805373.0,94,145.0,13,0.09,0.138,Hitters,,
467,Nasim Nunez,683083.0,38,53.0,4,0.075,0.105,Hitters,,
468,Nate Eaton,681987.0,34,52.0,3,0.058,0.088,Hitters,,
469,Nathan Church,701675.0,32,46.0,2,0.043,0.062,Hitters,,
470,Nathan Lukes,664770.0,286,370.0,31,0.084,0.108,Hitters,,
471,Nathaniel Lowe,663993.0,344,536.0,40,0.075,0.116,Hitters,,
472,Nick Ahmed,605113.0,6,10.0,0,0.0,0.0,Hitters,,
473,Nick Allen,669397.0,274,404.0,23,0.057,0.084,Hitters,,
474,Nick Castellanos,592206.0,388,536.0,65,0.121,0.168,Hitters,,
475,Nick Fortes,663743.0,143,198.0,28,0.141,0.196,Hitters,,
476,Nick Gonzales,693304.0,249,329.0,24,0.073,0.096,Hitters,,
477,Nick Kurtz,701762.0,225,403.0,30,0.074,0.133,Hitters,,
478,Nick Loftin,679845.0,131,173.0,24,0.139,0.183,Hitters,,
479,Nick Martini,605361.0,84,110.0,8,0.073,0.095,Hitters,,
480,Nick Maton,665155.0,35,63.0,8,0.127,0.229,Hitters,,
481,Nick Sogard,686765.0,52,73.0,9,0.123,0.173,Hitters,,
482,Nick Solak,669256.0,9,11.0,0,0.0,0.0,Hitters,,
483,Nick Yorke,694377.0,8,8.0,3,0.375,0.375,Hitters,,
484,Nicky Lopez,670032.0,20,28.0,2,0.071,0.1,Hitters,,
485,Nico Hoerner,663538.0,475,554.0,68,0.123,0.143,Hitters,,
486,Niko Kavadas,694359.0,10,23.0,4,0.174,0.4,Hitters,,
487,Noelvi Marte,682622.0,206,282.0,26,0.092,0.126,Hitters,,
488,Nolan Arenado,571448.0,324,390.0,61,0.156,0.188,Hitters,,
489,Nolan Gorman,669357.0,194,340.0,42,0.124,0.216,Hitters,,
490,Nolan Jones,666134.0,229,367.0,26,0.071,0.114,Hitters,,
491,Nolan Schanuel,694384.0,403,531.0,61,0.115,0.151,Hitters,,
492,Oliver Dunn,686554.0,28,41.0,1,0.024,0.036,Hitters,,
493,Omar Narvaez,553882.0,7,10.0,2,0.2,0.286,Hitters,,
494,Oneil Cruz,665833.0,271,484.0,26,0.054,0.096,Hitters,,
495,Orlando Arcia,606115.0,144,193.0,20,0.104,0.139,Hitters,,
496,Oscar Gonzalez,660757.0,46,61.0,6,0.098,0.13,Hitters,,
497,Oswald Peraza,672724.0,139,214.0,16,0.075,0.115,Hitters,,
498,Oswaldo Cabrera,665828.0,84,122.0,8,0.066,0.095,Hitters,,
499,Otto Kemp,805249.0,97,161.0,17,0.106,0.175,Hitters,,
500,Otto Lopez,672640.0,389,507.0,33,0.065,0.085,Hitters,,
501,Owen Caissie,683357.0,15,25.0,1,0.04,0.067,Hitters,,
502,Owen Miller,680911.0,10,17.0,2,0.118,0.2,Hitters,,
503,Ozzie Albies,645277.0,454,596.0,105,0.176,0.231,Hitters,,
504,Pablo Reyes,622569.0,22,34.0,0,0.0,0.0,Hitters,,
505,Parker Meadows,678009.0,86,139.0,15,0.108,0.174,Hitters,,
506,Patrick Bailey,672275.0,244,391.0,36,0.092,0.148,Hitters,,
507,Paul DeJong,657557.0,106,172.0,22,0.128,0.208,Hitters,,
508,Paul Goldschmidt,502671.0,355,479.0,56,0.117,0.158,Hitters,,
509,Pavin Smith,656976.0,154,287.0,22,0.077,0.143,Hitters,,
510,Pedro Pages,686780.0,229,342.0,34,0.099,0.148,Hitters,,
511,Pete Alonso,624413.0,415,614.0,68,0.111,0.164,Hitters,,
512,Pete Crow-Armstrong,691718.0,402,567.0,98,0.173,0.244,Hitters,,
513,Rafael Devers,646240.0,369,628.0,50,0.08,0.136,Hitters,,
514,Rafael Marchan,665561.0,74,99.0,5,0.051,0.068,Hitters,,
515,Ramon Laureano,657656.0,280,417.0,50,0.12,0.179,Hitters,,
516,Ramon Urias,602104.0,255,365.0,53,0.145,0.208,Hitters,,
517,Randal Grichuk,545341.0,188,260.0,34,0.131,0.181,Hitters,,
518,Randy Arozarena,668227.0,369,607.0,61,0.1,0.165,Hitters,,
519,Rece Hinds,677956.0,22,44.0,3,0.068,0.136,Hitters,,
520,Reese McGuire,624512.0,91,119.0,18,0.151,0.198,Hitters,,
521,Rhylan Thomas,689041.0,9,10.0,0,0.0,0.0,Hitters,,
522,Rhys Hoskins,656555.0,190,316.0,55,0.174,0.289,Hitters,,
523,Richie Palacios,680700.0,11,14.0,1,0.071,0.091,Hitters,,
524,Riley Adams,656180.0,129,236.0,18,0.076,0.14,Hitters,,
525,Riley Greene,682985.0,355,574.0,55,0.096,0.155,Hitters,,
526,Rob Brantly,542963.0,6,7.0,0,0.0,0.0,Hitters,,
527,Rob Refsnyder,608701.0,110,175.0,16,0.091,0.145,Hitters,,
528,Robert Hassell III,690987.0,103,153.0,13,0.085,0.126,Hitters,,
529,Roman Anthony,701350.0,174,303.0,20,0.066,0.115,Hitters,,
530,Romy Gonzalez,663853.0,194,277.0,18,0.065,0.093,Hitters,,
531,Ronald Acuna Jr.,660670.0,182,316.0,23,0.073,0.126,Hitters,,
532,Ronny Mauricio,677595.0,106,168.0,19,0.113,0.179,Hitters,,
533,Ronny Simon,682927.0,65,88.0,3,0.034,0.046,Hitters,,
534,Rowdy Tellez,642133.0,187,280.0,27,0.096,0.144,Hitters,,
535,Royce Lewis,668904.0,238,322.0,52,0.161,0.218,Hitters,,
536,Ryan Bliss,669208.0,24,39.0,1,0.026,0.042,Hitters,,
537,Ryan Fitzgerald,680837.0,22,26.0,2,0.077,0.091,Hitters,,
538,Ryan Jeffers,680777.0,301,439.0,43,0.098,0.143,Hitters,,
539,Ryan Kreidler,668952.0,21,44.0,5,0.114,0.238,Hitters,,
540,Ryan McMahon,641857.0,296,529.0,47,0.089,0.159,Hitters,,
541,Ryan Mountcastle,663624.0,209,303.0,30,0.099,0.144,Hitters,,
542,Ryan Noda,676116.0,23,57.0,5,0.088,0.217,Hitters,,
543,Ryan O'Hearn,656811.0,319,464.0,36,0.078,0.113,Hitters,,
544,Ryan Ritter,690022.0,105,166.0,14,0.084,0.133,Hitters,,
545,Ryan Vilade,668723.0,8,15.0,0,0.0,0.0,Hitters,,
546,Ryne Nelson,669194.0,1,1.0,0,0.0,0.0,Hitters,,
547,Sal Frelick,686217.0,403,523.0,57,0.109,0.141,Hitters,,
548,Sal Stewart,701398.0,6,9.0,2,0.222,0.333,Hitters,,
549,Salvador Perez,521692.0,411,549.0,90,0.164,0.219,Hitters,,
550,Sam Haggerty,664059.0,126,181.0,12,0.066,0.095,Hitters,,
551,Sam Hilliard,656541.0,28,61.0,5,0.082,0.179,Hitters,,
552,Sam Huff,669087.0,29,58.0,3,0.052,0.103,Hitters,,
553,Samad Taylor,669392.0,8,9.0,1,0.111,0.125,Hitters,,
554,Samuel Basallo,694212.0,41,59.0,5,0.085,0.122,Hitters,,
555,Sandy Leon,506702.0,0,1.0,0,0.0,,Hitters,,
556,Santiago Espinal,669289.0,265,325.0,31,0.095,0.117,Hitters,,
557,Scott Kingery,664068.0,15,27.0,0,0.0,0.0,Hitters,,
558,Sean Bouchard,656248.0,39,73.0,6,0.082,0.154,Hitters,,
559,Sean Murphy,669221.0,187,332.0,45,0.136,0.241,Hitters,,
560,Seiya Suzuki,673548.0,374,586.0,78,0.133,0.209,Hitters,,
561,Sergio Alcantara,642727.0,2,4.0,1,0.25,0.5,Hitters,,
562,Seth Brown,664913.0,42,76.0,7,0.092,0.167,Hitters,,
563,Shay Whitcomb,694376.0,22,32.0,3,0.094,0.136,Hitters,,
564,Shea Langeliers,669127.0,332,449.0,59,0.131,0.178,Hitters,,
565,Shinnosuke Ogasawara,829272.0,0,1.0,0,0.0,,Hitters,,
566,Shohei Ohtani,660271.0,373,617.0,59,0.096,0.158,Hitters,,
567,Spencer Horwitz,687462.0,245,343.0,30,0.087,0.122,Hitters,,
568,Spencer Steer,668715.0,352,512.0,83,0.162,0.236,Hitters,,
569,Spencer Torkelson,679529.0,354,562.0,97,0.173,0.274,Hitters,,
570,Starling Marte,516782.0,198,280.0,19,0.068,0.096,Hitters,,
571,Steven Kwan,680757.0,493,592.0,67,0.113,0.136,Hitters,,
572,Steward Berroa,672642.0,3,6.0,0,0.0,0.0,Hitters,,
573,Stuart Fairchild,656413.0,36,55.0,4,0.073,0.111,Hitters,,
574,TJ Friedl,670770.0,412,595.0,68,0.114,0.165,Hitters,,
575,Taylor Trammell,666211.0,68,122.0,9,0.074,0.132,Hitters,,
576,Taylor Walls,670764.0,221,317.0,28,0.088,0.127,Hitters,,
577,Taylor Ward,621493.0,362,586.0,59,0.101,0.163,Hitters,,
578,Teoscar Hernandez,606192.0,324,469.0,36,0.077,0.111,Hitters,,
579,Terrin Vavra,679631.0,1,1.0,0,0.0,0.0,Hitters,,
580,Thairo Estrada,642731.0,131,165.0,21,0.127,0.16,Hitters,,
581,Thomas Saggese,695336.0,141,212.0,19,0.09,0.135,Hitters,,
582,Tim Anderson,641313.0,55,90.0,5,0.056,0.091,Hitters,,
583,Tim Elko,671284.0,37,72.0,5,0.069,0.135,Hitters,,
584,Tim Tawa,694374.0,112,173.0,16,0.092,0.143,Hitters,,
585,Tirso Ornelas,672359.0,12,16.0,0,0.0,0.0,Hitters,,
586,Tomas Nido,621512.0,26,37.0,5,0.135,0.192,Hitters,,
587,Tommy Edman,669242.0,251,332.0,38,0.114,0.151,Hitters,,
588,Tommy Pham,502054.0,265,388.0,23,0.059,0.087,Hitters,,
589,Travis Jankowski,608671.0,35,50.0,2,0.04,0.057,Hitters,,
590,Travis d'Arnaud,518595.0,138,226.0,23,0.102,0.167,Hitters,,
591,Trea Turner,607208.0,479,632.0,66,0.104,0.138,Hitters,,
592,Trent Grisham,663757.0,320,500.0,64,0.128,0.2,Hitters,,
593,Trenton Brooks,670092.0,28,43.0,3,0.07,0.107,Hitters,,
594,Trevor Larnach,663616.0,350,504.0,48,0.095,0.137,Hitters,,
595,Trevor Rogers,669432.0,0,2.0,0,0.0,,Hitters,,
596,Trevor Story,596115.0,375,569.0,53,0.093,0.141,Hitters,,
597,Trey Lipscomb,702358.0,3,4.0,0,0.0,0.0,Hitters,,
598,Trey Sweeney,700242.0,196,303.0,30,0.099,0.153,Hitters,,
599,Tristan Gray,656484.0,26,39.0,5,0.128,0.192,Hitters,,
600,Tristan Peters,671976.0,5,12.0,0,0.0,0.0,Hitters,,
601,Tristin English,663536.0,14,23.0,3,0.13,0.214,Hitters,,
602,Triston Casas,671213.0,72,110.0,13,0.118,0.181,Hitters,,
603,Troy Johnston,687859.0,51,70.0,7,0.1,0.137,Hitters,,
604,Tsung-Che Cheng,691907.0,4,7.0,0,0.0,0.0,Hitters,,
605,Tucker Barnhart,571466.0,9,15.0,2,0.133,0.222,Hitters,,
606,Ty France,664034.0,346,466.0,41,0.088,0.118,Hitters,,
607,Tyler Alexander,641302.0,1,1.0,0,0.0,0.0,Hitters,,
608,Tyler Black,672012.0,7,13.0,2,0.154,0.286,Hitters,,
609,Tyler Callihan,682997.0,5,6.0,0,0.0,0.0,Hitters,,
610,Tyler Fitzgerald,666149.0,154,243.0,25,0.103,0.162,Hitters,,
611,Tyler Freeman,671289.0,283,365.0,28,0.077,0.099,Hitters,,
612,Tyler Heineman,623168.0,106,150.0,19,0.127,0.179,Hitters,,
613,Tyler Locklear,682988.0,58,108.0,3,0.028,0.052,Hitters,,
614,Tyler O'Neill,641933.0,106,163.0,25,0.153,0.236,Hitters,,
615,Tyler Soderstrom,691016.0,383,565.0,38,0.067,0.099,Hitters,,
616,Tyler Stephenson,663886.0,158,289.0,28,0.097,0.177,Hitters,,
617,Tyler Tolbert,686475.0,29,40.0,3,0.075,0.103,Hitters,,
618,Tyler Wade,642180.0,80,127.0,9,0.071,0.112,Hitters,,
619,Tyrone Taylor,621438.0,229,327.0,52,0.159,0.227,Hitters,,
620,Victor Caratini,605170.0,256,339.0,37,0.109,0.145,Hitters,,
621,Victor Mesa Jr.,683748.0,12,19.0,2,0.105,0.167,Hitters,,
622,Victor Robles,645302.0,47,60.0,7,0.117,0.149,Hitters,,
623,Victor Scott II,687363.0,264,411.0,32,0.078,0.121,Hitters,,
624,Vidal Brujan,660644.0,59,83.0,8,0.096,0.136,Hitters,,
625,Vimael Machin,605353.0,9,12.0,1,0.083,0.111,Hitters,,
626,Vinnie Pasquantino,686469.0,445,584.0,86,0.147,0.193,Hitters,,
627,Vinny Capra,681962.0,76,105.0,9,0.086,0.118,Hitters,,
628,Vladimir Guerrero Jr.,665489.0,428,586.0,59,0.101,0.138,Hitters,,
629,Warming Bernabel,682653.0,100,127.0,19,0.15,0.19,Hitters,,
630,Wenceel Perez,672761.0,214,302.0,37,0.123,0.173,Hitters,,
631,Weston Wilson,642215.0,51,82.0,9,0.11,0.176,Hitters,,
632,Will Banfield,677943.0,4,10.0,0,0.0,0.0,Hitters,,
633,Will Benson,666181.0,139,212.0,18,0.085,0.129,Hitters,,
634,Will Brennan,686823.0,10,13.0,1,0.077,0.1,Hitters,,
635,Will Robertson,683770.0,16,36.0,3,0.083,0.188,Hitters,,
636,Will Smith,669257.0,275,431.0,41,0.095,0.149,Hitters,,
637,Will Wagner,695238.0,96,141.0,13,0.092,0.135,Hitters,,
638,Will Wilson,669717.0,49,91.0,7,0.077,0.143,Hitters,,
639,Willi Castro,650489.0,269,412.0,48,0.117,0.178,Hitters,,
640,William Contreras,661388.0,413,597.0,44,0.074,0.107,Hitters,,
641,Willie MacIver,680862.0,59,84.0,4,0.048,0.068,Hitters,,
642,Willson Contreras,575929.0,339,540.0,62,0.115,0.183,Hitters,,
643,Willy Adames,642715.0,371,594.0,73,0.123,0.197,Hitters,,
644,Wilmer Flores,527038.0,311,430.0,58,0.135,0.186,Hitters,,
645,Wilyer Abreu,677800.0,263,390.0,58,0.149,0.221,Hitters,,
646,Wyatt Langford,694671.0,317,516.0,67,0.13,0.211,Hitters,,
647,Xander Bogaerts,593428.0,392,531.0,66,0.124,0.168,Hitters,,
648,Xavier Edwards,669364.0,432,552.0,42,0.076,0.097,Hitters,,
649,Yainer Diaz,673237.0,390,495.0,50,0.101,0.128,Hitters,,
650,Yandy Diaz,650490.0,444,574.0,22,0.038,0.05,Hitters,,
651,Yanquiel Fernandez,692585.0,70,102.0,13,0.127,0.186,Hitters,,
652,Yoan Moncada,660162.0,149,241.0,33,0.137,0.221,Hitters,,
653,Yohel Pozo,650968.0,133,161.0,25,0.155,0.188,Hitters,,
654,Yordan Alvarez,670541.0,114,158.0,18,0.114,0.158,Hitters,,
655,Yuli Gurriel,493329.0,28,40.0,3,0.075,0.107,Hitters,,
656,Zac Veen,691728.0,20,37.0,3,0.081,0.15,Hitters,,
657,Zach Dezenzo,701305.0,61,109.0,10,0.092,0.164,Hitters,,
658,Zach McKinstry,656716.0,317,467.0,58,0.124,0.183,Hitters,,
659,Zach Neto,687263.0,343,525.0,81,0.154,0.236,Hitters,,
660,Zack Gelof,680869.0,31,67.0,5,0.075,0.161,Hitters,,
661,Zack Short,670097.0,33,56.0,3,0.054,0.091,Hitters,,
0,,,25,43.0,2,0.047,0.08,Pitchers,A.J. Minter,621345.0
1,,,20,35.0,5,0.143,0.25,Pitchers,A.J. Puk,640462.0
2,,,46,72.0,7,0.097,0.152,Pitchers,AJ Blubaugh,805123.0
3,,,128,191.0,25,0.131,0.195,Pitchers,AJ Smith-Shawver,700363.0
4,,,128,212.0,11,0.052,0.086,Pitchers,Aaron Ashby,676879.0
5,,,156,232.0,22,0.095,0.141,Pitchers,Aaron Bummer,607481.0
6,,,280,395.0,54,0.137,0.193,Pitchers,Aaron Civale,650644.0
7,,,207,306.0,40,0.131,0.193,Pitchers,Aaron Nola,605400.0
8,,,160,270.0,19,0.07,0.119,Pitchers,Abner Uribe,682842.0
9,,,7,8.0,2,0.25,0.286,Pitchers,Abraham Toro,647351.0
10,,,56,74.0,4,0.054,0.071,Pitchers,Adam Mazur,800049.0
11,,,2,9.0,0,0.0,0.0,Pitchers,Adam Ottavino,493603.0
12,,,308,421.0,43,0.102,0.14,Pitchers,Adrian Houser,605288.0
13,,,166,240.0,9,0.038,0.054,Pitchers,Adrian Morejon,670970.0
14,,,32,46.0,8,0.174,0.25,Pitchers,Alan Rangel,660604.0
15,,,3,3.0,0,0.0,0.0,Pitchers,Alan Trejo,676701.0
16,,,13,17.0,0,0.0,0.0,Pitchers,Albert Suarez,544150.0
17,,,3,4.0,1,0.25,0.333,Pitchers,Alec Burleson,676475.0
18,,,109,152.0,23,0.151,0.211,Pitchers,Alek Jacob,689690.0
19,,,15,22.0,3,0.136,0.2,Pitchers,Alex Carrillo,692024.0
20,,,6,8.0,4,0.5,0.667,Pitchers,Alex Jackson,656577.0
21,,,4,6.0,2,0.333,0.5,Pitchers,Alex Lange,656638.0
22,,,117,206.0,19,0.092,0.162,Pitchers,Alex Vesia,681911.0
23,,,48,71.0,9,0.127,0.188,Pitchers,Alexis Diaz,664747.0
24,,,5,6.0,1,0.167,0.2,Pitchers,Ali Sanchez,645305.0
25,,,35,46.0,5,0.109,0.143,Pitchers,Allan Winans,642216.0
26,,,8,10.0,2,0.2,0.25,Pitchers,Amed Rosario,642708.0
27,,,65,91.0,11,0.121,0.169,Pitchers,Andre Granillo,701552.0
28,,,474,631.0,48,0.076,0.101,Pitchers,Andre Pallante,669467.0
29,,,123,215.0,13,0.06,0.106,Pitchers,Andres Munoz,662253.0
30,,,418,591.0,65,0.11,0.156,Pitchers,Andrew Abbott,671096.0
31,,,13,19.0,0,0.0,0.0,Pitchers,Andrew Alvarez,674841.0
32,,,85,135.0,13,0.096,0.153,Pitchers,Andrew Chafin,605177.0
33,,,393,525.0,67,0.128,0.17,Pitchers,Andrew Heaney,571760.0
34,,,35,56.0,7,0.125,0.2,Pitchers,Andrew Hoffmann,694851.0
35,,,120,179.0,20,0.112,0.167,Pitchers,Andrew Kittredge,552640.0
36,,,69,92.0,8,0.087,0.116,Pitchers,Andrew Saalfrank,685314.0
37,,,4,6.0,1,0.167,0.25,Pitchers,Andrew Walters,689958.0
38,,,59,78.0,14,0.179,0.237,Pitchers,Andry Lara,691251.0
39,,,169,232.0,20,0.086,0.118,Pitchers,Angel Chivilli,683409.0
40,,,10,16.0,1,0.062,0.1,Pitchers,Angel Perdomo,622780.0
41,,,167,241.0,13,0.054,0.078,Pitchers,Angel Zerpa,672582.0
42,,,159,239.0,17,0.071,0.107,Pitchers,Anthony Banda,607455.0
43,,,139,202.0,14,0.069,0.101,Pitchers,Anthony Bender,669622.0
44,,,96,141.0,15,0.106,0.156,Pitchers,Anthony DeSclafani,543101.0
45,,,21,32.0,7,0.219,0.333,Pitchers,Anthony Maldonado,687424.0
46,,,12,20.0,4,0.2,0.333,Pitchers,Anthony Misiewicz,664948.0
47,,,89,112.0,12,0.107,0.135,Pitchers,Anthony Molina,683627.0
48,,,4,4.0,0,0.0,0.0,Pitchers,Anthony Seigler,678011.0
49,,,79,117.0,10,0.085,0.127,Pitchers,Anthony Veneziano,685107.0
50,,,455,568.0,49,0.086,0.108,Pitchers,Antonio Senzatela,622608.0
51,,,106,196.0,14,0.071,0.132,Pitchers,Aroldis Chapman,547973.0
52,,,73,102.0,9,0.088,0.123,Pitchers,Austin Cox,680735.0
53,,,220,272.0,46,0.169,0.209,Pitchers,Austin Gomber,596295.0
54,,,14,16.0,2,0.125,0.143,Pitchers,Austin Hedges,595978.0
55,,,11,11.0,3,0.273,0.273,Pitchers,Austin Nola,543592.0
56,,,21,34.0,2,0.059,0.095,Pitchers,Austin Warren,681810.0
57,,,390,518.0,73,0.141,0.187,Pitchers,Bailey Falter,663559.0
58,,,24,36.0,4,0.111,0.167,Pitchers,Bailey Horn,690544.0
59,,,406,536.0,97,0.181,0.239,Pitchers,Bailey Ober,641927.0
60,,,75,102.0,14,0.137,0.187,Pitchers,Beau Brieske,689225.0
61,,,35,47.0,5,0.106,0.143,Pitchers,Ben Bowden,641386.0
62,,,314,469.0,50,0.107,0.159,Pitchers,Ben Brown,676962.0
63,,,238,333.0,36,0.108,0.151,Pitchers,Ben Casparius,676508.0
64,,,18,21.0,3,0.143,0.167,Pitchers,Ben Joyce,690829.0
65,,,134,178.0,21,0.118,0.157,Pitchers,Ben Lively,594902.0
66,,,125,199.0,17,0.085,0.136,Pitchers,Bennett Sousa,656986.0
67,,,57,78.0,11,0.141,0.193,Pitchers,Blade Tidwell,694918.0
68,,,119,183.0,23,0.126,0.193,Pitchers,Blake Snell,605483.0
69,,,47,87.0,8,0.092,0.17,Pitchers,Blake Treinen,595014.0
70,,,12,16.0,1,0.062,0.083,Pitchers,Blas Castano,680604.0
71,,,18,27.0,2,0.074,0.111,Pitchers,Bobby Miller,676272.0
72,,,201,288.0,43,0.149,0.214,Pitchers,Bowden Francis,670102.0
73,,,156,245.0,12,0.049,0.077,Pitchers,Brad Keller,641745.0
74,,,313,436.0,33,0.076,0.105,Pitchers,Brad Lord,695418.0
75,,,3,6.0,0,0.0,0.0,Pitchers,Bradgley Rodriguez,699134.0
76,,,175,217.0,29,0.134,0.166,Pitchers,Bradley Blalock,687134.0
77,,,3,7.0,1,0.143,0.333,Pitchers,Brady Basso,669620.0
78,,,404,606.0,59,0.097,0.146,Pitchers,Brady Singer,663903.0
79,,,170,255.0,25,0.098,0.147,Pitchers,Brandon Eisert,685126.0
80,,,482,647.0,91,0.141,0.189,Pitchers,Brandon Pfaadt,694297.0
81,,,100,134.0,21,0.157,0.21,Pitchers,Brandon Waddell,663399.0
82,,,153,212.0,36,0.17,0.235,Pitchers,Brandon Walter,687888.0
83,,,136,219.0,23,0.105,0.169,Pitchers,Brandon Woodruff,605540.0
84,,,187,256.0,36,0.141,0.193,Pitchers,Brandon Young,687064.0
85,,,19,29.0,2,0.069,0.105,Pitchers,Brandyn Garcia,805299.0
86,,,156,253.0,18,0.071,0.115,Pitchers,Brant Hurter,676428.0
87,,,157,227.0,20,0.088,0.127,Pitchers,Braxton Ashcraft,677952.0
88,,,440,612.0,62,0.101,0.141,Pitchers,Brayan Bello,678394.0
89,,,96,161.0,18,0.112,0.188,Pitchers,Braydon Fisher,680755.0
90,,,196,247.0,20,0.081,0.102,Pitchers,Brenan Hanifee,669724.0
91,,,135,254.0,13,0.051,0.096,Pitchers,Brendon Little,663893.0
92,,,149,216.0,12,0.056,0.081,Pitchers,Brennan Bernardino,657514.0
93,,,54,91.0,16,0.176,0.296,Pitchers,Brent Headrick,687396.0
94,,,215,285.0,31,0.109,0.144,Pitchers,Brent Suter,608718.0
95,,,7,10.0,0,0.0,0.0,Pitchers,Brett de Geus,676969.0
96,,,30,36.0,13,0.361,0.433,Pitchers,Brian Van Belle,687003.0
97,,,163,226.0,19,0.084,0.117,Pitchers,Brock Burke,656271.0
98,,,98,157.0,13,0.083,0.133,Pitchers,Brock Stewart,592779.0
99,,,50,78.0,10,0.128,0.2,Pitchers,Brooks Kriske,621139.0
100,,,44,68.0,8,0.118,0.182,Pitchers,Brooks Raley,548384.0
101,,,136,265.0,17,0.064,0.125,Pitchers,Bryan Abreu,650556.0
102,,,142,230.0,23,0.1,0.162,Pitchers,Bryan Baker,641329.0
103,,,28,36.0,2,0.056,0.071,Pitchers,Bryan Hoeing,663773.0
104,,,41,73.0,6,0.082,0.146,Pitchers,Bryan Hudson,663542.0
105,,,162,244.0,24,0.098,0.148,Pitchers,Bryan King,687911.0
106,,,464,671.0,55,0.082,0.119,Pitchers,Bryan Woo,693433.0
107,,,419,576.0,64,0.111,0.153,Pitchers,Bryce Elder,693821.0
108,,,61,91.0,12,0.132,0.197,Pitchers,Bryce Jarvis,686826.0
109,,,199,279.0,43,0.154,0.216,Pitchers,Bryce Miller,682243.0
110,,,174,224.0,30,0.134,0.172,Pitchers,Bryse Wilson,669060.0
111,,,35,47.0,5,0.106,0.143,Pitchers,Bubba Chandler,696149.0
112,,,95,135.0,14,0.104,0.147,Pitchers,Cade Cavalli,676917.0
113,,,132,182.0,10,0.055,0.076,Pitchers,Cade Gibson,806188.0
114,,,296,422.0,37,0.088,0.125,Pitchers,Cade Horton,690990.0
115,,,280,418.0,41,0.098,0.146,Pitchers,Cade Povich,700249.0
116,,,155,257.0,20,0.078,0.129,Pitchers,Cade Smith,671922.0
117,,,30,47.0,4,0.085,0.133,Pitchers,Caden Dana,702674.0
118,,,388,512.0,80,0.156,0.206,Pitchers,Cal Quantrill,615698.0
119,,,129,182.0,25,0.137,0.194,Pitchers,Caleb Boushley,676961.0
120,,,165,229.0,16,0.07,0.097,Pitchers,Caleb Ferguson,657571.0
121,,,12,16.0,2,0.125,0.167,Pitchers,Caleb Freeman,673965.0
122,,,127,187.0,20,0.107,0.157,Pitchers,Caleb Thielbar,573204.0
123,,,148,223.0,16,0.072,0.108,Pitchers,Calvin Faucher,676534.0
124,,,75,127.0,19,0.15,0.253,Pitchers,Cam Booser,592155.0
125,,,18,26.0,6,0.231,0.333,Pitchers,Cam Sanders,676742.0
126,,,131,212.0,18,0.085,0.137,Pitchers,Cam Schlittler,693645.0
127,,,156,252.0,20,0.079,0.128,Pitchers,Camilo Doval,666808.0
128,,,10,13.0,3,0.231,0.3,Pitchers,Carl Edwards Jr.,605218.0
129,,,161,212.0,31,0.146,0.193,Pitchers,Carlos Carrasco,471911.0
130,,,2,5.0,0,0.0,0.0,Pitchers,Carlos Duran,679922.0
131,,,174,244.0,30,0.123,0.172,Pitchers,Carlos Estevez,608032.0
132,,,140,202.0,23,0.114,0.164,Pitchers,Carlos Hernandez,672578.0
133,,,435,691.0,57,0.082,0.131,Pitchers,Carlos Rodon,607074.0
134,,,23,34.0,4,0.118,0.174,Pitchers,Carlos Rodriguez,692230.0
135,,,215,282.0,25,0.089,0.116,Pitchers,Carlos Vargas,672841.0
136,,,271,376.0,36,0.096,0.133,Pitchers,Carmen Mlodzinski,669387.0
137,,,86,123.0,7,0.057,0.081,Pitchers,Carson Fulmer,608334.0
138,,,120,175.0,27,0.154,0.225,Pitchers,Carson Palmquist,687223.0
139,,,94,127.0,15,0.118,0.16,Pitchers,Carson Seymour,693313.0
140,,,41,60.0,9,0.15,0.22,Pitchers,Carson Spiers,686730.0
141,,,72,102.0,9,0.088,0.125,Pitchers,Carson Whisenhunt,687931.0
142,,,5,6.0,0,0.0,0.0,Pitchers,Casey Kelly,543391.0
143,,,71,80.0,15,0.188,0.211,Pitchers,Casey Lawrence,596271.0
144,,,130,204.0,14,0.069,0.108,Pitchers,Casey Legumina,668984.0
145,,,387,531.0,58,0.109,0.15,Pitchers,Casey Mize,663554.0
146,,,3,4.0,0,0.0,0.0,Pitchers,Cesar Salazar,663967.0
147,,,140,188.0,27,0.144,0.193,Pitchers,Chad Green,643338.0
148,,,300,443.0,52,0.117,0.173,Pitchers,Chad Patrick,694477.0
149,,,385,600.0,70,0.117,0.182,Pitchers,Charlie Morton,450203.0
150,,,10,15.0,2,0.133,0.2,Pitchers,Chas McCormick,676801.0
151,,,81,151.0,11,0.073,0.136,Pitchers,Chase Burns,695505.0
152,,,294,423.0,36,0.085,0.122,Pitchers,Chase Dollander,801403.0
153,,,101,147.0,15,0.102,0.149,Pitchers,Chase Lee,695445.0
154,,,24,40.0,7,0.175,0.292,Pitchers,Chase Petty,695534.0
155,,,130,175.0,26,0.149,0.2,Pitchers,Chase Shugart,663767.0
156,,,8,14.0,2,0.143,0.25,Pitchers,Chase Silseth,681217.0
157,,,23,39.0,6,0.154,0.261,Pitchers,Chayce McDermott,694646.0
158,,,462,674.0,72,0.107,0.156,Pitchers,Chris Bassitt,605135.0
159,,,41,60.0,10,0.167,0.244,Pitchers,Chris Devenski,606965.0
160,,,144,178.0,23,0.129,0.16,Pitchers,Chris Flexen,623167.0
161,,,105,146.0,8,0.055,0.076,Pitchers,Chris Martin,455119.0
162,,,63,100.0,10,0.1,0.159,Pitchers,Chris Murphy,669684.0
163,,,473,606.0,82,0.135,0.173,Pitchers,Chris Paddack,663978.0
164,,,51,73.0,4,0.055,0.078,Pitchers,Chris Roycroft,688297.0
165,,,248,415.0,41,0.099,0.165,Pitchers,Chris Sale,519242.0
166,,,72,104.0,10,0.096,0.139,Pitchers,Chris Stratton,608717.0
167,,,16,16.0,2,0.125,0.125,Pitchers,Christian Koss,683766.0
168,,,6,9.0,1,0.111,0.167,Pitchers,Christian Montes De Oca,801216.0
169,,,69,109.0,9,0.083,0.13,Pitchers,Cionel Perez,672335.0
170,,,212,316.0,34,0.108,0.16,Pitchers,Clarke Schmidt,657376.0
171,,,442,630.0,49,0.078,0.111,Pitchers,Clay Holmes,605280.0
172,,,39,67.0,4,0.06,0.103,Pitchers,Clayton Beeter,690925.0
173,,,290,378.0,49,0.13,0.169,Pitchers,Clayton Kershaw,477132.0
174,,,14,21.0,5,0.238,0.357,Pitchers,Codi Heuer,676051.0
175,,,9,10.0,1,0.1,0.111,Pitchers,Cody Bolton,675989.0
176,,,13,16.0,3,0.188,0.231,Pitchers,Cody Poteet,547001.0
177,,,138,224.0,26,0.116,0.188,Pitchers,Cole Henry,669371.0
178,,,115,209.0,28,0.134,0.243,Pitchers,Cole Ragans,666142.0
179,,,176,251.0,34,0.135,0.193,Pitchers,Cole Sands,663485.0
180,,,41,57.0,4,0.07,0.098,Pitchers,Cole Sulser,642121.0
181,,,79,120.0,9,0.075,0.114,Pitchers,Cole Winn,668390.0
182,,,81,114.0,9,0.079,0.111,Pitchers,Colin Holderman,670059.0
183,,,27,52.0,4,0.077,0.148,Pitchers,Colin Poche,621363.0
184,,,430,577.0,64,0.111,0.149,Pitchers,Colin Rea,607067.0
185,,,36,50.0,5,0.1,0.139,Pitchers,Colin Selby,681882.0
186,,,87,118.0,15,0.127,0.172,Pitchers,Collin Snider,676092.0
187,,,249,328.0,62,0.189,0.249,Pitchers,Colton Gordon,676467.0
188,,,109,155.0,14,0.09,0.128,Pitchers,Connor Brogdon,641401.0
189,,,88,123.0,19,0.154,0.216,Pitchers,Connor Gillispie,687362.0
190,,,38,62.0,3,0.048,0.079,Pitchers,Connor Phillips,683175.0
191,,,26,36.0,7,0.194,0.269,Pitchers,Connor Seabold,657756.0
192,,,23,31.0,4,0.129,0.174,Pitchers,Connor Thomas,671162.0
193,,,66,80.0,10,0.125,0.152,Pitchers,Cooper Criswell,681867.0
194,,,8,9.0,2,0.222,0.25,Pitchers,Cooper Hummel,669450.0
195,,,173,264.0,25,0.095,0.145,Pitchers,Corbin Burnes,669203.0
196,,,55,89.0,11,0.124,0.2,Pitchers,Corbin Martin,656686.0
197,,,8,23.0,1,0.043,0.125,Pitchers,Craig Kimbrel,518886.0
198,,,23,38.0,4,0.105,0.174,Pitchers,Craig Yoho,684974.0
199,,,56,88.0,11,0.125,0.196,Pitchers,Cristian Javier,664299.0
200,,,15,26.0,3,0.115,0.2,Pitchers,Cristian Mena,691441.0
201,,,482,716.0,59,0.082,0.122,Pitchers,Cristopher Sanchez,650911.0
202,,,107,151.0,16,0.106,0.15,Pitchers,DL Hall,669084.0
203,,,79,115.0,9,0.078,0.114,Pitchers,Dan Altavilla,656186.0
204,,,50,76.0,12,0.158,0.24,Pitchers,Dane Dunning,641540.0
205,,,188,249.0,21,0.084,0.112,Pitchers,Daniel Lynch IV,663738.0
206,,,128,201.0,15,0.075,0.117,Pitchers,Daniel Palencia,694037.0
207,,,34,59.0,5,0.085,0.147,Pitchers,Daniel Robert,642016.0
208,,,105,160.0,18,0.112,0.171,Pitchers,Danny Coulombe,543056.0
209,,,20,37.0,1,0.027,0.05,Pitchers,Danny Young,664849.0
210,,,16,23.0,2,0.087,0.125,Pitchers,Darren McCaughan,670766.0
211,,,22,36.0,7,0.194,0.318,Pitchers,Dauri Moreta,664294.0
212,,,125,213.0,22,0.103,0.176,Pitchers,David Bednar,670280.0
213,,,153,229.0,30,0.131,0.196,Pitchers,David Festa,701581.0
214,,,113,178.0,14,0.079,0.124,Pitchers,David Morgan,688158.0
215,,,460,665.0,59,0.089,0.128,Pitchers,David Peterson,656849.0
216,,,22,42.0,3,0.071,0.136,Pitchers,David Robertson,502085.0
217,,,29,46.0,6,0.13,0.207,Pitchers,Davis Daniel,669721.0
218,,,376,511.0,58,0.114,0.154,Pitchers,Davis Martin,663436.0
219,,,94,157.0,10,0.064,0.106,Pitchers,Daysbel Hernandez,678226.0
220,,,483,658.0,89,0.135,0.184,Pitchers,Dean Kremer,665152.0
221,,,24,41.0,7,0.171,0.292,Pitchers,Dedniel Nunez,673380.0
222,,,167,233.0,26,0.112,0.156,Pitchers,Dennis Santana,642701.0
223,,,120,224.0,16,0.071,0.133,Pitchers,Devin Williams,642207.0
224,,,49,69.0,7,0.101,0.143,Pitchers,Didier Fuentes,800311.0
225,,,110,157.0,17,0.108,0.155,Pitchers,Dietrich Enns,608650.0
226,,,19,34.0,5,0.147,0.263,Pitchers,Dillon Tate,622253.0
227,,,12,23.0,2,0.087,0.167,Pitchers,Doug Nikhazy,680951.0
228,,,108,167.0,18,0.108,0.167,Pitchers,Drew Pomeranz,519141.0
229,,,371,518.0,43,0.083,0.116,Pitchers,Drew Rasmussen,656876.0
230,,,12,19.0,1,0.053,0.083,Pitchers,Drew Sommers,805427.0
231,,,10,13.0,1,0.077,0.1,Pitchers,Drey Jameson,686753.0
232,,,36,49.0,5,0.102,0.139,Pitchers,Dugan Darnell,699911.0
233,,,393,581.0,46,0.079,0.117,Pitchers,Dustin May,669160.0
234,,,372,628.0,66,0.105,0.177,Pitchers,Dylan Cease,656302.0
235,,,69,95.0,8,0.084,0.116,Pitchers,Dylan Dodd,689266.0
236,,,163,242.0,32,0.132,0.196,Pitchers,Dylan Lee,669276.0
237,,,36,48.0,3,0.062,0.083,Pitchers,Dylan Smith,681916.0
238,,,73,108.0,19,0.176,0.26,Pitchers,Easton Lucas,687922.0
239,,,44,61.0,8,0.131,0.182,Pitchers,Easton McGee,668834.0
240,,,42,55.0,6,0.109,0.143,Pitchers,Edgardo Henriquez,683618.0
241,,,178,273.0,28,0.103,0.157,Pitchers,Eduard Bazardo,660825.0
242,,,417,594.0,56,0.094,0.134,Pitchers,Eduardo Rodriguez,593958.0
243,,,110,151.0,9,0.06,0.082,Pitchers,Eduardo Salazar,674285.0
244,,,35,59.0,7,0.119,0.2,Pitchers,Eduarniel Nunez,674384.0
245,,,351,543.0,63,0.116,0.179,Pitchers,Edward Cabrera,665795.0
246,,,106,216.0,23,0.106,0.217,Pitchers,Edwin Diaz,621242.0
247,,,152,270.0,31,0.115,0.204,Pitchers,Edwin Uceta,670955.0
248,,,28,34.0,5,0.147,0.179,Pitchers,Eli Morgan,669212.0
249,,,64,90.0,20,0.222,0.312,Pitchers,Elvin Rodriguez,660730.0
250,,,86,146.0,12,0.082,0.14,Pitchers,Elvis Alvarado,665660.0
251,,,32,47.0,5,0.106,0.156,Pitchers,Elvis Peguero,665625.0
252,,,260,351.0,36,0.103,0.138,Pitchers,Emerson Hancock,676106.0
253,,,139,228.0,30,0.132,0.216,Pitchers,Emilio Pagan,641941.0
254,,,138,199.0,17,0.085,0.123,Pitchers,Emmanuel Clase,661403.0
255,,,11,13.0,3,0.231,0.273,Pitchers,Emmanuel Rivera,656896.0
256,,,139,217.0,21,0.097,0.151,Pitchers,Emmet Sheehan,686218.0
257,,,28,37.0,5,0.135,0.179,Pitchers,Enrique Hernandez,571771.0
258,,,161,229.0,32,0.14,0.199,Pitchers,Enyel De Los Santos,660853.0
259,,,35,41.0,7,0.171,0.2,Pitchers,Erasmo Ramirez,541640.0
260,,,271,390.0,51,0.131,0.188,Pitchers,Eric Lauer,641778.0
261,,,109,163.0,21,0.129,0.193,Pitchers,Eric Orze,679358.0
262,,,436,575.0,58,0.101,0.133,Pitchers,Erick Fedde,607200.0
263,,,83,124.0,10,0.081,0.12,Pitchers,Erik Miller,669062.0
264,,,40,87.0,9,0.103,0.225,Pitchers,Erik Sabrowski,681870.0
265,,,21,30.0,6,0.2,0.286,Pitchers,Erik Swanson,657024.0
266,,,30,39.0,6,0.154,0.2,Pitchers,Ethan Roberts,681799.0
267,,,204,307.0,48,0.156,0.235,Pitchers,Eury Perez,691587.0
268,,,14,22.0,0,0.0,0.0,Pitchers,Evan Phillips,623465.0
269,,,27,50.0,1,0.02,0.037,Pitchers,Evan Sisk,681895.0
270,,,10,10.0,4,0.4,0.4,Pitchers,Ezequiel Duran,677649.0
271,,,69,142.0,12,0.085,0.174,Pitchers,Felix Bautista,642585.0
272,,,76,157.0,16,0.102,0.211,Pitchers,Fernando Cruz,518585.0
273,,,45,66.0,10,0.152,0.222,Pitchers,Forrest Whitley,666215.0
274,,,469,698.0,37,0.053,0.079,Pitchers,Framber Valdez,664285.0
275,,,131,178.0,21,0.118,0.16,Pitchers,Frankie Montas,593423.0
276,,,17,43.0,1,0.023,0.059,Pitchers,Fraser Ellard,686642.0
277,,,402,649.0,56,0.086,0.139,Pitchers,Freddy Peralta,642547.0
278,,,13,28.0,1,0.036,0.077,Pitchers,Freddy Tarnok,676206.0
279,,,125,210.0,11,0.052,0.088,Pitchers,Gabe Speier,642100.0
280,,,113,207.0,16,0.077,0.142,Pitchers,Garrett Cleavinger,664076.0
281,,,451,715.0,61,0.085,0.135,Pitchers,Garrett Crochet,676979.0
282,,,3,3.0,1,0.333,0.333,Pitchers,Garrett Hampson,641658.0
283,,,35,50.0,4,0.08,0.114,Pitchers,Garrett McDaniels,680729.0
284,,,157,262.0,15,0.057,0.096,Pitchers,Garrett Whitlock,676477.0
285,,,5,7.0,1,0.143,0.2,Pitchers,Gary Sanchez,596142.0
286,,,26,43.0,7,0.163,0.269,Pitchers,Gavin Hollowell,668970.0
287,,,410,635.0,56,0.088,0.137,Pitchers,Gavin Williams,668909.0
288,,,114,156.0,23,0.147,0.202,Pitchers,Genesis Cabrera,650893.0
289,,,13,24.0,3,0.125,0.231,Pitchers,Geoff Hartlieb,664129.0
290,,,304,440.0,33,0.075,0.109,Pitchers,George Kirby,669923.0
291,,,75,119.0,14,0.118,0.187,Pitchers,George Soriano,666277.0
292,,,380,500.0,73,0.146,0.192,Pitchers,German Marquez,608566.0
293,,,30,41.0,5,0.122,0.167,Pitchers,Gerson Garabito,642520.0
294,,,120,168.0,18,0.107,0.15,Pitchers,Gordon Graceffo,700669.0
295,,,174,254.0,12,0.047,0.069,Pitchers,Graham Ashcraft,668933.0
296,,,171,263.0,23,0.087,0.135,Pitchers,Grant Anderson,681982.0
297,,,76,103.0,9,0.087,0.118,Pitchers,Grant Holman,680880.0
298,,,308,491.0,37,0.075,0.12,Pitchers,Grant Holmes,656550.0
299,,,80,134.0,9,0.067,0.112,Pitchers,Grant Taylor,691799.0
300,,,70,107.0,6,0.056,0.086,Pitchers,Grant Wolfram,664991.0
301,,,177,242.0,27,0.112,0.153,Pitchers,Greg Weissert,669711.0
302,,,28,34.0,3,0.088,0.107,Pitchers,Gregory Santos,666619.0
303,,,141,229.0,19,0.083,0.135,Pitchers,Gregory Soto,642397.0
304,,,223,327.0,20,0.061,0.09,Pitchers,Griffin Canning,656288.0
305,,,143,249.0,26,0.104,0.182,Pitchers,Griffin Jax,643377.0
306,,,105,138.0,18,0.13,0.171,Pitchers,Gunnar Hoglund,680684.0
307,,,188,298.0,34,0.114,0.181,Pitchers,Hayden Birdsong,806185.0
308,,,3,3.0,1,0.333,0.333,Pitchers,Hayden Harris,802686.0
309,,,95,131.0,19,0.145,0.2,Pitchers,Hayden Wesneski,669713.0
310,,,72,123.0,19,0.154,0.264,Pitchers,Hector Neris,593576.0
311,,,185,255.0,18,0.071,0.097,Pitchers,Hoby Milner,571948.0
312,,,149,230.0,25,0.109,0.168,Pitchers,Hogan Harris,663687.0
313,,,142,222.0,23,0.104,0.162,Pitchers,Huascar Brazoban,623211.0
314,,,42,60.0,5,0.083,0.119,Pitchers,Hunter Bigge,685801.0
315,,,396,631.0,50,0.079,0.126,Pitchers,Hunter Brown,686613.0
316,,,192,255.0,20,0.078,0.104,Pitchers,Hunter Dobbins,690928.0
317,,,155,235.0,32,0.136,0.206,Pitchers,Hunter Gaddis,683769.0
318,,,209,329.0,27,0.082,0.129,Pitchers,Hunter Greene,668881.0
319,,,27,39.0,4,0.103,0.148,Pitchers,Hunter Harvey,640451.0
320,,,49,64.0,12,0.188,0.245,Pitchers,Hunter Stratton,676702.0
321,,,67,89.0,18,0.202,0.269,Pitchers,Hunter Strickland,519326.0
322,,,93,137.0,17,0.124,0.183,Pitchers,Hurston Waldrep,694462.0
323,,,36,50.0,6,0.12,0.167,Pitchers,Ian Anderson,666120.0
324,,,86,109.0,9,0.083,0.105,Pitchers,Ian Gibaut,664139.0
325,,,100,165.0,18,0.109,0.18,Pitchers,Ian Hamilton,641656.0
326,,,95,155.0,20,0.129,0.211,Pitchers,Ian Seymour,693855.0
327,,,102,157.0,11,0.07,0.108,Pitchers,Isaac Mattson,676755.0
328,,,30,35.0,3,0.086,0.1,Pitchers,Isaiah Campbell,663462.0
329,,,18,22.0,1,0.045,0.056,Pitchers,J.P. Feyereisen,656420.0
330,,,199,306.0,29,0.095,0.146,Pitchers,J.T. Ginn,669372.0
331,,,395,538.0,86,0.16,0.218,Pitchers,JP Sears,676664.0
332,,,51,74.0,6,0.081,0.118,Pitchers,JT Brubaker,664141.0
333,,,188,270.0,23,0.085,0.122,Pitchers,Jack Dreyer,676263.0
334,,,393,623.0,73,0.117,0.186,Pitchers,Jack Flaherty,656427.0
335,,,375,508.0,50,0.098,0.133,Pitchers,Jack Kochanowicz,686799.0
336,,,352,544.0,60,0.11,0.17,Pitchers,Jack Leiter,683004.0
337,,,10,14.0,0,0.0,0.0,Pitchers,Jack Little,669193.0
338,,,104,161.0,12,0.075,0.115,Pitchers,Jack Perkins,678022.0
339,,,150,218.0,30,0.138,0.2,Pitchers,Jackson Jobe,695549.0
340,,,48,71.0,3,0.042,0.062,Pitchers,Jackson Kowar,663804.0
341,,,201,288.0,31,0.108,0.154,Pitchers,Jackson Rutledge,671131.0
342,,,3,3.0,0,0.0,0.0,Pitchers,Jacob Amaya,676070.0
343,,,28,36.0,3,0.083,0.107,Pitchers,Jacob Barnes,606930.0
344,,,190,281.0,29,0.103,0.153,Pitchers,Jacob Latz,656641.0
345,,,241,399.0,52,0.13,0.216,Pitchers,Jacob Lopez,682052.0
346,,,103,194.0,16,0.082,0.155,Pitchers,Jacob Misiorowski,694819.0
347,,,7,8.0,2,0.25,0.286,Pitchers,Jacob Stallings,607732.0
348,,,169,233.0,37,0.159,0.219,Pitchers,Jacob Webb,657097.0
349,,,384,581.0,56,0.096,0.146,Pitchers,Jacob deGrom,594798.0
350,,,56,83.0,13,0.157,0.232,Pitchers,Jaden Hill,677955.0
351,,,23,29.0,4,0.138,0.174,Pitchers,Jake Bauers,641343.0
352,,,154,244.0,22,0.09,0.143,Pitchers,Jake Bird,656234.0
353,,,53,77.0,10,0.13,0.189,Pitchers,Jake Eder,671109.0
354,,,526,693.0,80,0.115,0.152,Pitchers,Jake Irvin,663623.0
355,,,6,6.0,1,0.167,0.167,Pitchers,Jake Palisch,669449.0
356,,,15,16.0,5,0.312,0.333,Pitchers,Jake Rogers,668670.0
357,,,112,142.0,12,0.085,0.107,Pitchers,Jake Woodford,663765.0
358,,,182,246.0,25,0.102,0.137,Pitchers,Jakob Junis,596001.0
359,,,147,210.0,21,0.1,0.143,Pitchers,Jalen Beeks,656222.0
360,,,328,430.0,69,0.16,0.21,Pitchers,Jameson Taillon,592791.0
361,,,281,355.0,48,0.135,0.171,Pitchers,Janson Junk,676083.0
362,,,160,239.0,22,0.092,0.138,Pitchers,Jared Koenig,657649.0
363,,,63,80.0,6,0.075,0.095,Pitchers,Jared Shuster,694363.0
364,,,7,8.0,1,0.125,0.143,Pitchers,Jared Triolo,669707.0
365,,,2,3.0,0,0.0,0.0,Pitchers,Jared Young,676724.0
366,,,171,267.0,31,0.116,0.181,Pitchers,Jason Adam,592094.0
367,,,186,263.0,32,0.122,0.172,Pitchers,Jason Alexander,669920.0
368,,,81,106.0,9,0.085,0.111,Pitchers,Javier Assad,665871.0
369,,,45,50.0,12,0.24,0.267,Pitchers,Javier Sanoja,691594.0
370,,,3,4.0,0,0.0,0.0,Pitchers,Jayden Murray,681151.0
371,,,1,6.0,1,0.167,1.0,Pitchers,Jayvien Sandridge,682144.0
372,,,14,18.0,4,0.222,0.286,Pitchers,Jeff Brigham,656257.0
373,,,148,248.0,25,0.101,0.169,Pitchers,Jeff Hoffman,656546.0
374,,,473,651.0,90,0.138,0.19,Pitchers,Jeffrey Springs,605488.0
375,,,144,258.0,19,0.074,0.132,Pitchers,Jeremiah Estrada,669093.0
376,,,30,43.0,8,0.186,0.267,Pitchers,Jesse Chavez,445926.0
377,,,16,22.0,2,0.091,0.125,Pitchers,Jesse Hahn,534910.0
378,,,416,653.0,64,0.098,0.154,Pitchers,Jesus Luzardo,666200.0
379,,,62,79.0,9,0.114,0.145,Pitchers,Jesus Tinoco,622786.0
380,,,163,247.0,6,0.024,0.037,Pitchers,Jhoan Duran,661395.0
381,,,4,5.0,1,0.2,0.25,Pitchers,Jhonathan Diaz,646242.0
382,,,15,20.0,2,0.1,0.133,Pitchers,Jhonny Pereda,640902.0
383,,,218,311.0,43,0.138,0.197,Pitchers,Jimmy Herget,623474.0
384,,,145,215.0,14,0.065,0.097,Pitchers,JoJo Romero,668941.0
385,,,101,163.0,14,0.086,0.139,Pitchers,Joe Boyle,671212.0
386,,,29,33.0,6,0.182,0.207,Pitchers,Joe La Sorsa,686747.0
387,,,46,57.0,11,0.193,0.239,Pitchers,Joe Mantiply,573009.0
388,,,13,23.0,2,0.087,0.154,Pitchers,Joe Rock,697812.0
389,,,168,227.0,27,0.119,0.161,Pitchers,Joe Ross,605452.0
390,,,398,614.0,59,0.096,0.148,Pitchers,Joe Ryan,657746.0
391,,,66,88.0,16,0.182,0.242,Pitchers,Joel Payamps,606303.0
392,,,26,33.0,2,0.061,0.077,Pitchers,Joel Peguero,666711.0
393,,,189,314.0,26,0.083,0.138,Pitchers,Joey Cantillo,676282.0
394,,,42,55.0,14,0.255,0.333,Pitchers,Joey Estes,683155.0
395,,,89,121.0,5,0.041,0.056,Pitchers,Joey Lucchesi,664192.0
396,,,250,360.0,40,0.111,0.16,Pitchers,Joey Wentz,666214.0
397,,,46,83.0,7,0.084,0.152,Pitchers,Johan Oviedo,670912.0
398,,,65,102.0,15,0.147,0.231,Pitchers,John Brebbia,605154.0
399,,,88,108.0,18,0.167,0.205,Pitchers,John Curtiss,595928.0
400,,,155,192.0,18,0.094,0.116,Pitchers,John King,667463.0
401,,,3,6.0,0,0.0,0.0,Pitchers,John Rooney,680701.0
402,,,157,234.0,24,0.103,0.153,Pitchers,John Schreiber,670167.0
403,,,15,19.0,4,0.211,0.267,Pitchers,Jon Berti,542932.0
404,,,45,63.0,13,0.206,0.289,Pitchers,Jon Gray,592351.0
405,,,30,37.0,7,0.189,0.233,Pitchers,Jonah Bride,681146.0
406,,,17,23.0,1,0.043,0.059,Pitchers,Jonah Tong,804636.0
407,,,93,139.0,11,0.079,0.118,Pitchers,Jonathan Bowlan,680742.0
408,,,321,442.0,61,0.138,0.19,Pitchers,Jonathan Cannon,686563.0
409,,,96,131.0,17,0.13,0.177,Pitchers,Jonathan Loaisiga,642528.0
410,,,3,6.0,0,0.0,0.0,Pitchers,Jonathan Pintaro,702752.0
411,,,215,313.0,26,0.083,0.121,Pitchers,Jordan Hicks,663855.0
412,,,137,234.0,29,0.124,0.212,Pitchers,Jordan Leasure,673929.0
413,,,120,186.0,17,0.091,0.142,Pitchers,Jordan Romano,605447.0
414,,,20,23.0,7,0.304,0.35,Pitchers,Jordan Weems,607179.0
415,,,42,51.0,5,0.098,0.119,Pitchers,Jordan Wicks,696136.0
416,,,139,218.0,26,0.119,0.187,Pitchers,Jorge Alcala,660896.0
417,,,79,105.0,8,0.076,0.101,Pitchers,Jorge Lopez,605347.0
418,,,8,11.0,5,0.455,0.625,Pitchers,Jorge Mateo,622761.0
419,,,198,274.0,17,0.062,0.086,Pitchers,Jose A. Ferrer,678606.0
420,,,69,106.0,10,0.094,0.145,Pitchers,Jose Alvarado,621237.0
421,,,460,647.0,74,0.114,0.161,Pitchers,Jose Berrios,621244.0
422,,,166,248.0,24,0.097,0.145,Pitchers,Jose Butto,676130.0
423,,,8,9.0,6,0.667,0.75,Pitchers,Jose Caballero,676609.0
424,,,70,105.0,10,0.095,0.143,Pitchers,Jose Castillo,620454.0
425,,,67,118.0,12,0.102,0.179,Pitchers,Jose Fermin,820862.0
426,,,10,10.0,3,0.3,0.3,Pitchers,Jose Herrera,645444.0
427,,,33,46.0,6,0.13,0.182,Pitchers,Jose Leclerc,600917.0
428,,,3,8.0,0,0.0,0.0,Pitchers,Jose Quijada,650671.0
429,,,379,513.0,51,0.099,0.135,Pitchers,Jose Quintana,500779.0
430,,,55,79.0,9,0.114,0.164,Pitchers,Jose Ruiz,614179.0
431,,,469,695.0,38,0.055,0.081,Pitchers,Jose Soriano,667755.0
432,,,18,29.0,3,0.103,0.167,Pitchers,Jose Suarez,660761.0
433,,,10,12.0,2,0.167,0.2,Pitchers,Jose Trevino,624431.0
434,,,137,177.0,30,0.169,0.219,Pitchers,Jose Urena,570632.0
435,,,111,205.0,21,0.102,0.189,Pitchers,Josh Hader,623352.0
436,,,74,122.0,7,0.057,0.095,Pitchers,Josh Simpson,681006.0
437,,,14,25.0,3,0.12,0.214,Pitchers,Josh Walker,677020.0
438,,,37,52.0,2,0.038,0.054,Pitchers,Josh Winckowski,670174.0
439,,,12,20.0,2,0.1,0.167,Pitchers,Jovani Moran,663558.0
440,,,42,64.0,6,0.094,0.143,Pitchers,Juan Burgos,686228.0
441,,,139,218.0,17,0.078,0.122,Pitchers,Juan Mejia,675848.0
442,,,90,143.0,10,0.07,0.111,Pitchers,Juan Morillo,666661.0
443,,,7,9.0,0,0.0,0.0,Pitchers,Julian Fernandez,642759.0
444,,,62,86.0,8,0.093,0.129,Pitchers,Julian Merryweather,657240.0
445,,,38,59.0,10,0.169,0.263,Pitchers,Justin Bruihl,677865.0
446,,,24,28.0,2,0.071,0.083,Pitchers,Justin Garza,621057.0
447,,,59,82.0,9,0.11,0.153,Pitchers,Justin Hagenman,663795.0
448,,,21,43.0,1,0.023,0.048,Pitchers,Justin Lawrence,664875.0
449,,,30,66.0,3,0.045,0.1,Pitchers,Justin Martinez,679885.0
450,,,81,108.0,9,0.083,0.111,Pitchers,Justin Slaten,686580.0
451,,,65,92.0,13,0.141,0.2,Pitchers,Justin Steele,657006.0
452,,,146,229.0,22,0.096,0.151,Pitchers,Justin Sterner,686993.0
453,,,193,260.0,21,0.081,0.109,Pitchers,Justin Topa,623437.0
454,,,376,538.0,72,0.134,0.191,Pitchers,Justin Verlander,434378.0
455,,,111,174.0,10,0.057,0.09,Pitchers,Justin Wilson,458677.0
456,,,161,238.0,12,0.05,0.075,Pitchers,Justin Wrobleski,680736.0
457,,,55,77.0,0,0.0,0.0,Pitchers,Kade Strowd,669704.0
458,,,57,89.0,11,0.124,0.193,Pitchers,Kai-Wei Teng,678906.0
459,,,116,193.0,15,0.078,0.129,Pitchers,Kaleb Ort,672391.0
460,,,16,23.0,1,0.043,0.062,Pitchers,Keaton Winn,676775.0
461,,,151,228.0,25,0.11,0.166,Pitchers,Keegan Akin,669211.0
462,,,249,331.0,44,0.133,0.177,Pitchers,Keider Montero,672456.0
463,,,60,82.0,12,0.146,0.2,Pitchers,Kendall Graveman,608665.0
464,,,146,213.0,28,0.131,0.192,Pitchers,Kenley Jansen,445276.0
465,,,25,43.0,3,0.07,0.12,Pitchers,Kenta Maeda,628317.0
466,,,463,672.0,65,0.097,0.14,Pitchers,Kevin Gausman,592332.0
467,,,77,121.0,7,0.058,0.091,Pitchers,Kevin Ginkel,656464.0
468,,,38,46.0,10,0.217,0.263,Pitchers,Kevin Herget,643361.0
469,,,100,129.0,10,0.078,0.1,Pitchers,Kevin Kelly,687330.0
470,,,16,16.0,3,0.188,0.188,Pitchers,Kevin Newman,621028.0
471,,,90,155.0,17,0.11,0.189,Pitchers,Kirby Yates,489446.0
472,,,313,480.0,32,0.067,0.102,Pitchers,Kodai Senga,673540.0
473,,,6,6.0,1,0.167,0.167,Pitchers,Kody Clemens,665019.0
474,,,102,144.0,9,0.062,0.088,Pitchers,Kody Funderburk,681892.0
475,,,196,242.0,23,0.095,0.117,Pitchers,Kolby Allard,663465.0
476,,,49,87.0,8,0.092,0.163,Pitchers,Konnor Pilkington,663455.0
477,,,12,14.0,2,0.143,0.167,Pitchers,Korey Lee,686676.0
478,,,318,475.0,42,0.088,0.132,Pitchers,Kris Bubic,663460.0
479,,,204,287.0,22,0.077,0.108,Pitchers,Kumar Rocker,677958.0
480,,,76,105.0,15,0.143,0.197,Pitchers,Kyle Backhus,679775.0
481,,,21,38.0,2,0.053,0.095,Pitchers,Kyle Bradish,680694.0
482,,,5,5.0,0,0.0,0.0,Pitchers,Kyle Farmer,571657.0
483,,,142,210.0,18,0.086,0.127,Pitchers,Kyle Finnegan,640448.0
484,,,463,607.0,80,0.132,0.173,Pitchers,Kyle Freeland,607536.0
485,,,56,73.0,9,0.123,0.161,Pitchers,Kyle Gibson,502043.0
486,,,66,99.0,9,0.091,0.136,Pitchers,Kyle Harrison,690986.0
487,,,113,147.0,24,0.163,0.212,Pitchers,Kyle Hart,606996.0
488,,,468,599.0,62,0.104,0.132,Pitchers,Kyle Hendricks,543294.0
489,,,212,306.0,18,0.059,0.085,Pitchers,Kyle Leahy,681517.0
490,,,5,11.0,1,0.091,0.2,Pitchers,Kyle Nelson,669459.0
491,,,90,128.0,16,0.125,0.178,Pitchers,Kyle Nicolas,693312.0
492,,,160,254.0,32,0.126,0.2,Pitchers,Lake Bachar,669199.0
493,,,149,251.0,22,0.088,0.148,Pitchers,Lance McCullers Jr.,621121.0
494,,,326,475.0,51,0.107,0.156,Pitchers,Landen Roupp,694738.0
495,,,117,172.0,21,0.122,0.179,Pitchers,Landon Knack,689017.0
496,,,22,35.0,4,0.114,0.182,Pitchers,Lazaro Estrada,681751.0
497,,,5,6.0,3,0.5,0.6,Pitchers,Leo Rivas,660844.0
498,,,39,59.0,3,0.051,0.077,Pitchers,Liam Hendriks,521230.0
499,,,433,606.0,61,0.101,0.141,Pitchers,Logan Allen,671106.0
500,,,246,337.0,40,0.119,0.163,Pitchers,Logan Evans,688138.0
501,,,263,445.0,49,0.11,0.186,Pitchers,Logan Gilbert,669302.0
502,,,22,31.0,3,0.097,0.136,Pitchers,Logan Gillaspie,670810.0
503,,,58,99.0,11,0.111,0.19,Pitchers,Logan Henderson,701656.0
504,,,5,5.0,2,0.4,0.4,Pitchers,Logan Porter,682515.0
505,,,36,46.0,8,0.174,0.222,Pitchers,Logan VanWey,701121.0
506,,,498,738.0,53,0.072,0.106,Pitchers,Logan Webb,657277.0
507,,,128,177.0,21,0.119,0.164,Pitchers,Lou Trivino,642152.0
508,,,177,260.0,23,0.088,0.13,Pitchers,Louis Varland,686973.0
509,,,38,55.0,6,0.109,0.158,Pitchers,Luarbert Arias,678215.0
510,,,167,231.0,22,0.095,0.132,Pitchers,Lucas Erceg,668674.0
511,,,2,4.0,0,0.0,0.0,Pitchers,Lucas Gilbreath,656458.0
512,,,370,518.0,63,0.122,0.17,Pitchers,Lucas Giolito,608337.0
513,,,38,72.0,5,0.069,0.132,Pitchers,Lucas Sims,608371.0
514,,,9,12.0,2,0.167,0.222,Pitchers,Luinder Avila,679883.0
515,,,469,658.0,77,0.117,0.164,Pitchers,Luis Castillo,622491.0
516,,,33,54.0,9,0.167,0.273,Pitchers,Luis Contreras,664351.0
517,,,45,72.0,7,0.097,0.156,Pitchers,Luis Curvelo,681168.0
518,,,29,41.0,5,0.122,0.172,Pitchers,Luis F. Castillo,622379.0
519,,,142,203.0,18,0.089,0.127,Pitchers,Luis Garcia,472610.0
520,,,15,21.0,3,0.143,0.2,Pitchers,Luis Garcia,677651.0
521,,,82,130.0,18,0.138,0.22,Pitchers,Luis Gil,661563.0
522,,,48,72.0,7,0.097,0.146,Pitchers,Luis Guerrero,692285.0
523,,,243,382.0,33,0.086,0.136,Pitchers,Luis L. Ortiz,682847.0
524,,,57,96.0,9,0.094,0.158,Pitchers,Luis Mey,682825.0
525,,,70,111.0,12,0.108,0.171,Pitchers,Luis Morales,806960.0
526,,,53,83.0,7,0.084,0.132,Pitchers,Luis Peralta,678821.0
527,,,449,613.0,66,0.108,0.147,Pitchers,Luis Severino,622663.0
528,,,7,8.0,3,0.375,0.429,Pitchers,Luis Torrens,620443.0
529,,,10,11.0,2,0.182,0.2,Pitchers,Luis Vazquez,676679.0
530,,,121,173.0,21,0.121,0.174,Pitchers,Luke Jackson,592426.0
531,,,5,15.0,1,0.067,0.2,Pitchers,Luke Little,681432.0
532,,,144,226.0,23,0.102,0.16,Pitchers,Luke Weaver,596133.0
533,,,20,25.0,3,0.12,0.15,Pitchers,Luke Williams,663897.0
534,,,119,168.0,16,0.095,0.134,Pitchers,Lyon Richardson,680689.0
535,,,392,624.0,54,0.087,0.138,Pitchers,MacKenzie Gore,669022.0
536,,,89,121.0,7,0.058,0.079,Pitchers,Manuel Rodriguez,655889.0
537,,,12,23.0,0,0.0,0.0,Pitchers,Marc Church,687847.0
538,,,131,175.0,18,0.103,0.137,Pitchers,Marcus Stroman,573186.0
539,,,126,194.0,21,0.108,0.167,Pitchers,Mark Leiter Jr.,643410.0
540,,,109,165.0,18,0.109,0.165,Pitchers,Martin Perez,527048.0
541,,,28,43.0,5,0.116,0.179,Pitchers,Mason Barnett,686930.0
542,,,14,19.0,3,0.158,0.214,Pitchers,Mason Black,696131.0
543,,,128,184.0,28,0.152,0.219,Pitchers,Mason Englert,669438.0
544,,,125,194.0,25,0.129,0.2,Pitchers,Mason Fluharty,689254.0
545,,,90,193.0,15,0.078,0.167,Pitchers,Mason Miller,695243.0
546,,,110,195.0,10,0.051,0.091,Pitchers,Mason Montgomery,682254.0
547,,,20,31.0,1,0.032,0.05,Pitchers,Mason Thompson,666168.0
548,,,88,114.0,21,0.184,0.239,Pitchers,Matt Bowman,621199.0
549,,,100,163.0,9,0.055,0.09,Pitchers,Matt Brash,666374.0
550,,,72,105.0,6,0.057,0.083,Pitchers,Matt Gage,657424.0
551,,,11,15.0,2,0.133,0.182,Pitchers,Matt Krook,640454.0
552,,,95,129.0,19,0.147,0.2,Pitchers,Matt Sauer,669422.0
553,,,148,232.0,31,0.134,0.209,Pitchers,Matt Strahm,621381.0
554,,,115,186.0,14,0.075,0.122,Pitchers,Matt Svanson,694335.0
555,,,16,25.0,2,0.08,0.125,Pitchers,Matt Waldron,663362.0
556,,,447,632.0,63,0.1,0.141,Pitchers,Matthew Boyd,571510.0
557,,,125,182.0,12,0.066,0.096,Pitchers,Matthew Festa,670036.0
558,,,437,585.0,56,0.096,0.128,Pitchers,Matthew Liberatore,669461.0
559,,,481,695.0,47,0.068,0.098,Pitchers,Max Fried,608331.0
560,,,118,150.0,19,0.127,0.161,Pitchers,Max Kranick,668820.0
561,,,103,134.0,16,0.119,0.155,Pitchers,Max Lazar,676661.0
562,,,195,285.0,16,0.056,0.082,Pitchers,Max Meyer,676974.0
563,,,202,280.0,35,0.125,0.173,Pitchers,Max Scherzer,453286.0
564,,,27,40.0,4,0.1,0.148,Pitchers,McCade Brown,685326.0
565,,,477,682.0,75,0.11,0.157,Pitchers,Merrill Kelly,518876.0
566,,,30,43.0,3,0.07,0.1,Pitchers,Michael Darrell-Hicks,690382.0
567,,,18,23.0,3,0.13,0.167,Pitchers,Michael Fulmer,605242.0
568,,,93,129.0,14,0.109,0.151,Pitchers,Michael Kelly,547184.0
569,,,150,236.0,23,0.097,0.153,Pitchers,Michael King,650633.0
570,,,20,35.0,1,0.029,0.05,Pitchers,Michael Kopech,656629.0
571,,,366,510.0,64,0.125,0.175,Pitchers,Michael Lorenzen,547179.0
572,,,249,307.0,24,0.078,0.096,Pitchers,Michael McGreevy,700241.0
573,,,12,20.0,4,0.2,0.333,Pitchers,Michael Mercado,675650.0
574,,,30,42.0,3,0.071,0.1,Pitchers,Michael Petersen,656848.0
575,,,222,351.0,37,0.105,0.167,Pitchers,Michael Soroka,647336.0
576,,,3,3.0,0,0.0,0.0,Pitchers,Michael Stefanic,683021.0
577,,,48,71.0,9,0.127,0.188,Pitchers,Michael Tonkin,543859.0
578,,,491,653.0,77,0.118,0.157,Pitchers,Michael Wacha,608379.0
579,,,16,28.0,3,0.107,0.188,Pitchers,Michel Otanez,671305.0
580,,,100,137.0,18,0.131,0.18,Pitchers,Mick Abel,690953.0
581,,,18,28.0,2,0.071,0.111,Pitchers,Miguel Castro,612434.0
582,,,25,28.0,7,0.25,0.28,Pitchers,Miguel Rojas,500743.0
583,,,229,344.0,46,0.134,0.201,Pitchers,Mike Burrows,681347.0
584,,,20,31.0,3,0.097,0.15,Pitchers,Mike Clevinger,605182.0
585,,,255,378.0,25,0.066,0.098,Pitchers,Mike Vasil,678024.0
586,,,5,7.0,1,0.143,0.2,Pitchers,Mike Yastrzemski,573262.0
587,,,4,6.0,0,0.0,0.0,Pitchers,Miles Mastrobuoni,670156.0
588,,,464,585.0,78,0.133,0.168,Pitchers,Miles Mikolas,571945.0
589,,,14,19.0,2,0.105,0.143,Pitchers,Mitch Farris,815083.0
590,,,480,666.0,54,0.081,0.112,Pitchers,Mitch Keller,656605.0
591,,,233,321.0,42,0.131,0.18,Pitchers,Mitch Spence,687765.0
592,,,494,650.0,93,0.143,0.188,Pitchers,Mitchell Parker,680730.0
593,,,69,89.0,9,0.101,0.13,Pitchers,Nabil Crismatt,622503.0
594,,,4,4.0,1,0.25,0.25,Pitchers,Nate Eaton,681987.0
595,,,57,74.0,8,0.108,0.14,Pitchers,Nate Pearson,663878.0
596,,,338,494.0,50,0.101,0.148,Pitchers,Nathan Eovaldi,543135.0
597,,,6,7.0,2,0.286,0.333,Pitchers,Nathan Wiles,686249.0
598,,,106,157.0,17,0.108,0.16,Pitchers,Nestor Cortes,641482.0
599,,,83,127.0,12,0.094,0.145,Pitchers,Nic Enright,663671.0
600,,,49,62.0,9,0.145,0.184,Pitchers,Nick Anderson,623433.0
601,,,14,21.0,1,0.048,0.071,Pitchers,Nick Burdi,595897.0
602,,,21,33.0,3,0.091,0.143,Pitchers,Nick Hernandez,663321.0
603,,,380,545.0,43,0.079,0.113,Pitchers,Nick Lodolo,666157.0
604,,,489,643.0,88,0.137,0.18,Pitchers,Nick Martinez,607259.0
605,,,148,203.0,27,0.133,0.182,Pitchers,Nick Mears,683232.0
606,,,430,648.0,65,0.1,0.151,Pitchers,Nick Pivetta,601713.0
607,,,43,69.0,9,0.13,0.209,Pitchers,Nick Sandlin,680704.0
608,,,1,2.0,0,0.0,0.0,Pitchers,Nicky Lopez,670032.0
609,,,7,9.0,2,0.222,0.286,Pitchers,Niko Kavadas,694359.0
610,,,333,458.0,55,0.12,0.165,Pitchers,Noah Cameron,702070.0
611,,,37,65.0,6,0.092,0.162,Pitchers,Noah Davis,663562.0
612,,,55,95.0,5,0.053,0.091,Pitchers,Noah Murdock,668716.0
613,,,4,7.0,0,0.0,0.0,Pitchers,Nolan Hoffman,676510.0
614,,,59,94.0,5,0.053,0.085,Pitchers,Nolan McLean,690997.0
615,,,10,18.0,3,0.167,0.3,Pitchers,Omar Cruz,678316.0
616,,,151,230.0,17,0.074,0.113,Pitchers,Orion Kerkering,689147.0
617,,,60,92.0,10,0.109,0.167,Pitchers,Orlando Ribalta,687377.0
618,,,233,320.0,43,0.134,0.185,Pitchers,Osvaldo Bido,674370.0
619,,,15,16.0,3,0.188,0.2,Pitchers,Oswald Peraza,672724.0
620,,,26,35.0,2,0.057,0.077,Pitchers,Owen White,669391.0
621,,,44,70.0,8,0.114,0.182,Pitchers,PJ Poulin,676571.0
622,,,189,272.0,26,0.096,0.138,Pitchers,Pablo Lopez,641154.0
623,,,8,8.0,2,0.25,0.25,Pitchers,Pablo Reyes,622569.0
624,,,54,71.0,6,0.085,0.111,Pitchers,Parker Messick,800048.0
625,,,418,577.0,85,0.147,0.203,Pitchers,Patrick Corbin,571578.0
626,,,15,20.0,5,0.25,0.333,Pitchers,Patrick Monteverde,687287.0
627,,,108,143.0,16,0.112,0.148,Pitchers,Paul Blackburn,621112.0
628,,,25,39.0,5,0.128,0.2,Pitchers,Paul Gervase,801434.0
629,,,40,62.0,5,0.081,0.125,Pitchers,Paul Sewald,623149.0
630,,,435,675.0,62,0.092,0.143,Pitchers,Paul Skenes,694973.0
631,,,73,110.0,8,0.073,0.11,Pitchers,Paxton Schultz,687606.0
632,,,22,38.0,6,0.158,0.273,Pitchers,Payton Tolle,801139.0
633,,,44,63.0,9,0.143,0.205,Pitchers,Penn Murfee,682171.0
634,,,145,214.0,22,0.103,0.152,Pitchers,Pete Fairbanks,664126.0
635,,,117,212.0,17,0.08,0.145,Pitchers,Phil Maton,664208.0
636,,,131,199.0,20,0.101,0.153,Pitchers,Pierce Johnson,572955.0
637,,,72,93.0,18,0.194,0.25,Pitchers,Pierson Ohl,701487.0
638,,,74,118.0,17,0.144,0.23,Pitchers,Porter Hodge,687863.0
639,,,422,586.0,47,0.08,0.111,Pitchers,Quinn Priester,682990.0
640,,,133,213.0,16,0.075,0.12,Pitchers,Rafael Montero,606160.0
641,,,157,233.0,24,0.103,0.153,Pitchers,Raisel Iglesias,628452.0
642,,,16,19.0,2,0.105,0.125,Pitchers,Randy Dobnak,677976.0
643,,,116,198.0,17,0.086,0.147,Pitchers,Randy Rodriguez,678495.0
644,,,366,480.0,50,0.104,0.137,Pitchers,Randy Vasquez,681190.0
645,,,9,13.0,2,0.154,0.222,Pitchers,Randy Wynne,691094.0
646,,,396,562.0,48,0.085,0.121,Pitchers,Ranger Suarez,624133.0
647,,,133,217.0,15,0.069,0.113,Pitchers,Reed Garrett,657585.0
648,,,5,6.0,2,0.333,0.4,Pitchers,Reese McGuire,624512.0
649,,,190,283.0,33,0.117,0.174,Pitchers,Reese Olson,681857.0
650,,,151,254.0,17,0.067,0.113,Pitchers,Reid Detmers,672282.0
651,,,5,7.0,0,0.0,0.0,Pitchers,Reiver Sanmartin,665665.0
652,,,22,25.0,5,0.2,0.227,Pitchers,Reynaldo Lopez,625643.0
653,,,31,43.0,6,0.14,0.194,Pitchers,Rich Hill,448179.0
654,,,134,195.0,20,0.103,0.149,Pitchers,Richard Fitts,690916.0
655,,,27,44.0,2,0.045,0.074,Pitchers,Richard Lovelady,663992.0
656,,,66,99.0,8,0.081,0.121,Pitchers,Rico Garcia,670329.0
657,,,96,151.0,14,0.093,0.146,Pitchers,Riley O'Brien,676617.0
658,,,13,17.0,0,0.0,0.0,Pitchers,Roansy Contreras,672710.0
659,,,43,63.0,8,0.127,0.186,Pitchers,Rob Zastryzny,642239.0
660,,,454,693.0,80,0.115,0.176,Pitchers,Robbie Ray,592662.0
661,,,146,226.0,30,0.133,0.205,Pitchers,Robert Garcia,676395.0
662,,,17,21.0,6,0.286,0.353,Pitchers,Robert Stephenson,596112.0
663,,,10,15.0,2,0.133,0.2,Pitchers,Robert Stock,476594.0
664,,,150,227.0,14,0.062,0.093,Pitchers,Robert Suarez,663158.0
665,,,12,14.0,0,0.0,0.0,Pitchers,Robinson Pina,673820.0
666,,,28,51.0,4,0.078,0.143,Pitchers,Roddery Munoz,682610.0
667,,,105,154.0,15,0.097,0.143,Pitchers,Roki Sasaki,808963.0
668,,,4,7.0,0,0.0,0.0,Pitchers,Rolddy Munoz,691548.0
669,,,11,17.0,0,0.0,0.0,Pitchers,Ron Marinaccio,676760.0
670,,,131,199.0,29,0.146,0.221,Pitchers,Ronel Blanco,669854.0
671,,,145,254.0,21,0.083,0.145,Pitchers,Ronny Henriquez,678692.0
672,,,10,11.0,4,0.364,0.4,Pitchers,Rowdy Tellez,642133.0
673,,,186,281.0,27,0.096,0.145,Pitchers,Ryan Bergert,686701.0
674,,,87,128.0,13,0.102,0.149,Pitchers,Ryan Borucki,621366.0
675,,,80,105.0,16,0.152,0.2,Pitchers,Ryan Brasier,518489.0
676,,,4,8.0,1,0.125,0.25,Pitchers,Ryan Burr,621114.0
677,,,98,135.0,18,0.133,0.184,Pitchers,Ryan Feltner,663372.0
678,,,70,103.0,11,0.107,0.157,Pitchers,Ryan Fernandez,681676.0
679,,,3,3.0,0,0.0,0.0,Pitchers,Ryan Fitzgerald,680837.0
680,,,315,452.0,54,0.119,0.171,Pitchers,Ryan Gusto,687473.0
681,,,142,216.0,26,0.12,0.183,Pitchers,Ryan Helsley,664854.0
682,,,51,71.0,13,0.183,0.255,Pitchers,Ryan Johnson,696270.0
683,,,50,68.0,6,0.088,0.12,Pitchers,Ryan Loutos,702795.0
684,,,430,654.0,68,0.104,0.158,Pitchers,Ryan Pepiot,686752.0
685,,,134,182.0,20,0.11,0.149,Pitchers,Ryan Pressly,519151.0
686,,,140,180.0,14,0.078,0.1,Pitchers,Ryan Rolison,669020.0
687,,,103,147.0,14,0.095,0.136,Pitchers,Ryan Thompson,657044.0
688,,,151,224.0,14,0.062,0.093,Pitchers,Ryan Walker,676254.0
689,,,70,102.0,7,0.069,0.1,Pitchers,Ryan Weathers,677960.0
690,,,174,245.0,29,0.118,0.167,Pitchers,Ryan Yarbrough,642232.0
691,,,136,239.0,26,0.109,0.191,Pitchers,Ryan Zeferjahn,666171.0
692,,,376,528.0,55,0.104,0.146,Pitchers,Ryne Nelson,669194.0
693,,,140,217.0,19,0.088,0.136,Pitchers,Ryne Stanek,592773.0
694,,,51,72.0,6,0.083,0.118,Pitchers,Sam Bachman,696147.0
695,,,109,156.0,15,0.096,0.138,Pitchers,Sam Long,669674.0
696,,,49,81.0,13,0.16,0.265,Pitchers,Sam Moll,594580.0
697,,,15,25.0,2,0.08,0.133,Pitchers,Samuel Aldegheri,691951.0
698,,,460,639.0,78,0.122,0.17,Pitchers,Sandy Alcantara,645261.0
699,,,12,17.0,2,0.118,0.167,Pitchers,Sauryn Lao,666659.0
700,,,88,118.0,18,0.153,0.205,Pitchers,Sawyer Gipson-Long,687830.0
701,,,63,81.0,7,0.086,0.111,Pitchers,Scott Alexander,518397.0
702,,,157,269.0,24,0.089,0.153,Pitchers,Scott Barlow,605130.0
703,,,140,194.0,14,0.072,0.1,Pitchers,Scott Blewett,656240.0
704,,,42,50.0,7,0.14,0.167,Pitchers,Scott Effross,664123.0
705,,,28,43.0,3,0.07,0.107,Pitchers,Scott McGough,543518.0
706,,,352,521.0,72,0.138,0.205,Pitchers,Sean Burke,680732.0
707,,,30,43.0,7,0.163,0.233,Pitchers,Sean Guenther,674944.0
708,,,53,71.0,8,0.113,0.151,Pitchers,Sean Hjelle,663546.0
709,,,124,198.0,22,0.111,0.177,Pitchers,Sean Manaea,640455.0
710,,,249,371.0,26,0.07,0.104,Pitchers,Sean Newcomb,656794.0
711,,,72,117.0,12,0.103,0.167,Pitchers,Sean Reynolds,669308.0
712,,,128,232.0,22,0.095,0.172,Pitchers,Seranthony Dominguez,622554.0
713,,,116,171.0,14,0.082,0.121,Pitchers,Seth Halvorsen,678020.0
714,,,33,54.0,5,0.093,0.152,Pitchers,Seth Johnson,686751.0
715,,,425,610.0,76,0.125,0.179,Pitchers,Seth Lugo,607625.0
716,,,12,17.0,3,0.176,0.25,Pitchers,Seth Martinez,661527.0
717,,,421,640.0,61,0.095,0.145,Pitchers,Shane Baz,669358.0
718,,,41,65.0,10,0.154,0.244,Pitchers,Shane Bieber,669456.0
719,,,348,530.0,56,0.106,0.161,Pitchers,Shane Smith,681343.0
720,,,42,56.0,5,0.089,0.119,Pitchers,Shaun Anderson,641312.0
721,,,154,241.0,20,0.083,0.13,Pitchers,Shawn Armstrong,542888.0
722,,,93,130.0,9,0.069,0.097,Pitchers,Shawn Dubin,681869.0
723,,,113,182.0,17,0.093,0.15,Pitchers,Shelby Miller,571946.0
724,,,79,115.0,15,0.13,0.19,Pitchers,Shinnosuke Ogasawara,829272.0
725,,,93,149.0,15,0.101,0.161,Pitchers,Shohei Ohtani,660271.0
726,,,355,476.0,82,0.172,0.231,Pitchers,Shota Imanaga,684007.0
727,,,268,387.0,52,0.134,0.194,Pitchers,Simeon Woods Richardson,680573.0
728,,,336,455.0,62,0.136,0.185,Pitchers,Slade Cecconi,677944.0
729,,,447,657.0,65,0.099,0.145,Pitchers,Sonny Gray,543243.0
730,,,102,156.0,25,0.16,0.245,Pitchers,Spencer Arrighetti,681293.0
731,,,222,296.0,26,0.088,0.117,Pitchers,Spencer Bivens,702352.0
732,,,306,433.0,34,0.079,0.111,Pitchers,Spencer Schwellenbach,680885.0
733,,,284,438.0,55,0.126,0.194,Pitchers,Spencer Strider,675911.0
734,,,25,33.0,4,0.121,0.16,Pitchers,Spencer Turnbull,605513.0
735,,,266,357.0,28,0.078,0.105,Pitchers,Stephen Kolek,663568.0
736,,,121,174.0,13,0.075,0.107,Pitchers,Steven Cruz,674444.0
737,,,214,283.0,17,0.06,0.079,Pitchers,Steven Matz,571927.0
738,,,150,240.0,31,0.129,0.207,Pitchers,Steven Okert,595345.0
739,,,145,209.0,36,0.172,0.248,Pitchers,Steven Wilson,621051.0
740,,,63,74.0,9,0.122,0.143,Pitchers,T.J. McFarland,519008.0
741,,,342,455.0,45,0.099,0.132,Pitchers,Taijuan Walker,592836.0
742,,,375,537.0,50,0.093,0.133,Pitchers,Taj Bradley,671737.0
743,,,173,239.0,17,0.071,0.098,Pitchers,Tanner Banks,621383.0
744,,,466,659.0,68,0.103,0.146,Pitchers,Tanner Bibee,676440.0
745,,,197,254.0,36,0.142,0.183,Pitchers,Tanner Gordon,685299.0
746,,,149,203.0,27,0.133,0.181,Pitchers,Tanner Houck,656557.0
747,,,21,37.0,4,0.108,0.19,Pitchers,Tanner Rainey,663432.0
748,,,134,199.0,18,0.09,0.134,Pitchers,Tanner Scott,656945.0
749,,,412,659.0,53,0.08,0.129,Pitchers,Tarik Skubal,669373.0
750,,,47,66.0,5,0.076,0.106,Pitchers,Tayler Saucedo,642048.0
751,,,91,134.0,12,0.09,0.132,Pitchers,Tayler Scott,605463.0
752,,,126,170.0,20,0.118,0.159,Pitchers,Taylor Clarke,664199.0
753,,,17,25.0,2,0.08,0.118,Pitchers,Taylor Rashi,688497.0
754,,,124,196.0,23,0.117,0.185,Pitchers,Taylor Rogers,573124.0
755,,,36,50.0,11,0.22,0.306,Pitchers,Thomas Harrington,802419.0
756,,,71,102.0,14,0.137,0.197,Pitchers,Thomas Hatch,641672.0
757,,,101,167.0,12,0.072,0.119,Pitchers,Tim Herrin,682120.0
758,,,195,243.0,10,0.041,0.051,Pitchers,Tim Hill,657612.0
759,,,35,46.0,0,0.0,0.0,Pitchers,Tim Mayza,641835.0
760,,,135,180.0,19,0.106,0.141,Pitchers,Tobias Myers,668964.0
761,,,12,16.0,1,0.062,0.083,Pitchers,Tom Cosgrove,676680.0
762,,,5,6.0,0,0.0,0.0,Pitchers,Tomas Nido,621512.0
763,,,16,26.0,3,0.115,0.188,Pitchers,Tommy Henry,674072.0
764,,,152,222.0,28,0.126,0.184,Pitchers,Tommy Kahnle,592454.0
765,,,61,92.0,8,0.087,0.131,Pitchers,Tommy Nance,667297.0
766,,,467,602.0,71,0.118,0.152,Pitchers,Tomoyuki Sugano,608372.0
767,,,98,157.0,13,0.083,0.133,Pitchers,Tony Gonsolin,664062.0
768,,,162,256.0,24,0.094,0.148,Pitchers,Tony Santillan,663574.0
769,,,7,11.0,1,0.091,0.143,Pitchers,Touki Toussaint,657053.0
770,,,83,121.0,15,0.124,0.181,Pitchers,Travis Adams,701519.0
771,,,4,6.0,2,0.333,0.5,Pitchers,Travis Jankowski,608671.0
772,,,130,178.0,17,0.096,0.131,Pitchers,Trent Thornton,663423.0
773,,,114,186.0,13,0.07,0.114,Pitchers,Trevor Megill,656730.0
774,,,22,29.0,3,0.103,0.136,Pitchers,Trevor Richards,670950.0
775,,,240,341.0,29,0.085,0.121,Pitchers,Trevor Rogers,669432.0
776,,,285,373.0,51,0.137,0.179,Pitchers,Trevor Williams,592866.0
777,,,134,182.0,23,0.126,0.172,Pitchers,Tristan Beck,663941.0
778,,,19,30.0,5,0.167,0.263,Pitchers,Triston McKenzie,663474.0
779,,,88,123.0,11,0.089,0.125,Pitchers,Troy Melton,675512.0
780,,,31,37.0,9,0.243,0.29,Pitchers,Troy Taylor,700187.0
781,,,10,11.0,0,0.0,0.0,Pitchers,Tucker Barnhart,571466.0
782,,,6,14.0,1,0.071,0.167,Pitchers,Ty Adcock,686654.0
783,,,286,388.0,48,0.124,0.168,Pitchers,Tyler Alexander,641302.0
784,,,435,595.0,91,0.153,0.209,Pitchers,Tyler Anderson,542881.0
785,,,133,208.0,25,0.12,0.188,Pitchers,Tyler Ferguson,621053.0
786,,,124,182.0,18,0.099,0.145,Pitchers,Tyler Gilbert,656457.0
787,,,164,279.0,24,0.086,0.146,Pitchers,Tyler Glasnow,607192.0
788,,,8,10.0,2,0.2,0.25,Pitchers,Tyler Heineman,623168.0
789,,,201,268.0,34,0.127,0.169,Pitchers,Tyler Holton,663947.0
790,,,170,267.0,34,0.127,0.2,Pitchers,Tyler Kinley,641755.0
791,,,225,308.0,24,0.078,0.107,Pitchers,Tyler Mahle,641816.0
792,,,23,35.0,7,0.2,0.304,Pitchers,Tyler Matzek,554431.0
793,,,11,15.0,0,0.0,0.0,Pitchers,Tyler Owens,687074.0
794,,,204,270.0,28,0.104,0.137,Pitchers,Tyler Phillips,663969.0
795,,,209,260.0,14,0.054,0.067,Pitchers,Tyler Rogers,643511.0
796,,,5,6.0,1,0.167,0.2,Pitchers,Tyler Wade,642180.0
797,,,16,20.0,4,0.2,0.25,Pitchers,Tyler Wells,669330.0
798,,,39,58.0,11,0.19,0.282,Pitchers,Tyler Zuber,676604.0
799,,,176,305.0,29,0.095,0.165,Pitchers,Tylor Megill,656731.0
800,,,243,322.0,43,0.134,0.177,Pitchers,Valente Bellozo,678368.0
801,,,52,81.0,16,0.198,0.308,Pitchers,Victor Mederos,682989.0
802,,,120,184.0,11,0.06,0.092,Pitchers,Victor Vodnik,680767.0
803,,,6,7.0,2,0.286,0.333,Pitchers,Vidal Brujan,660644.0
804,,,14,15.0,4,0.267,0.286,Pitchers,Vinny Capra,681962.0
805,,,40,55.0,8,0.145,0.2,Pitchers,Wade Miley,489119.0
806,,,359,507.0,59,0.116,0.164,Pitchers,Walker Buehler,621111.0
807,,,21,32.0,5,0.156,0.238,Pitchers,Wander Suero,593833.0
808,,,196,279.0,19,0.068,0.097,Pitchers,Wandy Peralta,593974.0
809,,,12,12.0,2,0.167,0.167,Pitchers,Weston Wilson,642215.0
810,,,39,62.0,7,0.113,0.179,Pitchers,Wikelman Gonzalez,682790.0
811,,,27,53.0,3,0.057,0.111,Pitchers,Will Klein,694361.0
812,,,159,243.0,9,0.037,0.057,Pitchers,Will Vest,676684.0
813,,,401,619.0,58,0.094,0.145,Pitchers,Will Warren,701542.0
814,,,8,8.0,4,0.5,0.5,Pitchers,Will Wilson,669717.0
815,,,4,4.0,0,0.0,0.0,Pitchers,Willi Castro,650489.0
816,,,10,10.0,2,0.2,0.2,Pitchers,Willie MacIver,680862.0
817,,,12,16.0,0,0.0,0.0,Pitchers,Xzavion Curry,675540.0
818,,,44,62.0,10,0.161,0.227,Pitchers,Yaramil Hiraldo,682274.0
819,,,167,257.0,21,0.082,0.126,Pitchers,Yariel Rodriguez,684320.0
820,,,145,216.0,18,0.083,0.124,Pitchers,Yennier Cano,666974.0
821,,,114,160.0,14,0.088,0.123,Pitchers,Yerry De los Santos,660787.0
822,,,11,15.0,2,0.133,0.182,Pitchers,Yilber Diaz,700270.0
823,,,52,89.0,13,0.146,0.25,Pitchers,Yimi Garcia,554340.0
824,,,122,192.0,24,0.125,0.197,Pitchers,Yoendrys Gomez,672782.0
825,,,74,126.0,13,0.103,0.176,Pitchers,Yohan Ramirez,670990.0
826,,,369,587.0,35,0.06,0.095,Pitchers,Yoshinobu Yamamoto,808967.0
827,,,23,32.0,1,0.031,0.043,Pitchers,Yosver Zulueta,691172.0
828,,,144,214.0,27,0.126,0.188,Pitchers,Yu Darvish,506433.0
829,,,157,240.0,28,0.117,0.178,Pitchers,Yuki Matsui,673513.0
830,,,462,688.0,71,0.103,0.154,Pitchers,Yusei Kikuchi,579328.0
831,,,498,712.0,88,0.124,0.177,Pitchers,Zac Gallen,668678.0
832,,,99,131.0,14,0.107,0.141,Pitchers,Zach Agnos,688642.0
833,,,72,110.0,14,0.127,0.194,Pitchers,Zach Brzykcy,694350.0
834,,,244,309.0,45,0.146,0.184,Pitchers,Zach Eflin,621107.0
835,,,15,30.0,6,0.2,0.4,Pitchers,Zach Maxwell,687209.0
836,,,33,39.0,8,0.205,0.242,Pitchers,Zach Pop,647315.0
837,,,8,12.0,0,0.0,0.0,Pitchers,Zach Thompson,605507.0
838,,,76,116.0,7,0.06,0.092,Pitchers,Zack Kelly,677161.0
839,,,524,674.0,86,0.128,0.164,Pitchers,Zack Littell,641793.0
840,,,349,585.0,57,0.097,0.163,Pitchers,Zack Wheeler,554430.0
841,,,27,42.0,3,0.071,0.111,Pitchers,Zak Kent,687849.0
842,,,187,282.0,32,0.113,0.171,Pitchers,Zebby Matthews,805673.0
